ID,technology,source,source_type,year,type,country,capacity_definition,comment,capacity,energy_source_level_0,energy_source_level_1,energy_source_level_2,energy_source_level_3,technology_level
3591,"Biomass and biogas",EUROSTAT,"Statistical Office",1990,"Installed capacity in MW",DE,Unknown,,89,0,0,0,1,1
3592,"Concentrated solar power",EUROSTAT,"Statistical Office",1990,"Installed capacity in MW",DE,Unknown,,0,0,0,0,0,1
3593,"Fossil fuels",EUROSTAT,"Statistical Office",1990,"Installed capacity in MW",DE,Unknown,,68330,0,1,0,0,0
3594,Geothermal,EUROSTAT,"Statistical Office",1990,"Installed capacity in MW",DE,Unknown,,0,0,0,1,1,1
3595,Hydro,EUROSTAT,"Statistical Office",1990,"Installed capacity in MW",DE,Unknown,,8182,0,0,1,1,0
3596,Marine,EUROSTAT,"Statistical Office",1990,"Installed capacity in MW",DE,Unknown,,0,0,0,1,1,1
3597,"Non-renewable waste",EUROSTAT,"Statistical Office",1990,"Installed capacity in MW",DE,Unknown,,803,0,0,1,1,1
3598,Nuclear,EUROSTAT,"Statistical Office",1990,"Installed capacity in MW",DE,Unknown,,22406,0,1,1,1,1
3599,"Other bioenergy and renewable waste",EUROSTAT,"Statistical Office",1990,"Installed capacity in MW",DE,Unknown,,22,0,0,0,1,1
3600,Photovoltaics,EUROSTAT,"Statistical Office",1990,"Installed capacity in MW",DE,Unknown,,2,0,0,0,0,1
3601,"Pumped storage",EUROSTAT,"Statistical Office",1990,"Installed capacity in MW",DE,Unknown,,4200,0,0,0,0,1
3602,Wind,EUROSTAT,"Statistical Office",1990,"Installed capacity in MW",DE,Unknown,,48,0,0,1,1,0
3603,"Differently categorized solar",EUROSTAT,"Statistical Office",1990,"Installed capacity in MW",DE,Unknown,,0,0,0,0,0,1
3604,Solar,EUROSTAT,"Statistical Office",1990,"Installed capacity in MW",DE,Unknown,,2,0,0,1,1,0
3605,"Differently categorized wind",EUROSTAT,"Statistical Office",1990,"Installed capacity in MW",DE,Unknown,,48,0,0,0,0,1
3606,"Bioenergy and renewable waste",EUROSTAT,"Statistical Office",1990,"Installed capacity in MW",DE,Unknown,,111,0,0,1,0,0
3607,"Renewable energy sources",EUROSTAT,"Statistical Office",1990,"Installed capacity in MW",DE,Unknown,,8343,0,1,0,0,0
3608,"Differently categorized fossil fuels",EUROSTAT,"Statistical Office",1990,"Installed capacity in MW",DE,Unknown,,67527,0,0,1,1,1
3609,Total,EUROSTAT,"Statistical Office",1990,"Installed capacity in MW",DE,Unknown,,99079,1,0,0,0,0
3610,"Biomass and biogas",EUROSTAT,"Statistical Office",1991,"Installed capacity in MW",DE,Unknown,,89,0,0,0,1,1
3611,"Concentrated solar power",EUROSTAT,"Statistical Office",1991,"Installed capacity in MW",DE,Unknown,,0,0,0,0,0,1
3612,"Fossil fuels",EUROSTAT,"Statistical Office",1991,"Installed capacity in MW",DE,Unknown,,86871,0,1,0,0,0
3613,Geothermal,EUROSTAT,"Statistical Office",1991,"Installed capacity in MW",DE,Unknown,,0,0,0,1,1,1
3614,Hydro,EUROSTAT,"Statistical Office",1991,"Installed capacity in MW",DE,Unknown,,8549,0,0,1,1,0
3615,Marine,EUROSTAT,"Statistical Office",1991,"Installed capacity in MW",DE,Unknown,,0,0,0,1,1,1
3616,"Non-renewable waste",EUROSTAT,"Statistical Office",1991,"Installed capacity in MW",DE,Unknown,,853,0,0,1,1,1
3617,Nuclear,EUROSTAT,"Statistical Office",1991,"Installed capacity in MW",DE,Unknown,,22527,0,1,1,1,1
3618,"Other bioenergy and renewable waste",EUROSTAT,"Statistical Office",1991,"Installed capacity in MW",DE,Unknown,,43,0,0,0,1,1
3619,Photovoltaics,EUROSTAT,"Statistical Office",1991,"Installed capacity in MW",DE,Unknown,,2,0,0,0,0,1
3620,"Pumped storage",EUROSTAT,"Statistical Office",1991,"Installed capacity in MW",DE,Unknown,,4516,0,0,0,0,1
3621,Wind,EUROSTAT,"Statistical Office",1991,"Installed capacity in MW",DE,Unknown,,110,0,0,1,1,0
3622,"Differently categorized solar",EUROSTAT,"Statistical Office",1991,"Installed capacity in MW",DE,Unknown,,0,0,0,0,0,1
3623,Solar,EUROSTAT,"Statistical Office",1991,"Installed capacity in MW",DE,Unknown,,2,0,0,1,1,0
3624,"Differently categorized wind",EUROSTAT,"Statistical Office",1991,"Installed capacity in MW",DE,Unknown,,110,0,0,0,0,1
3625,"Bioenergy and renewable waste",EUROSTAT,"Statistical Office",1991,"Installed capacity in MW",DE,Unknown,,132,0,0,1,0,0
3626,"Renewable energy sources",EUROSTAT,"Statistical Office",1991,"Installed capacity in MW",DE,Unknown,,8793,0,1,0,0,0
3627,"Differently categorized fossil fuels",EUROSTAT,"Statistical Office",1991,"Installed capacity in MW",DE,Unknown,,86018,0,0,1,1,1
3628,Total,EUROSTAT,"Statistical Office",1991,"Installed capacity in MW",DE,Unknown,,118191,1,0,0,0,0
3629,"Biomass and biogas",EUROSTAT,"Statistical Office",1992,"Installed capacity in MW",DE,Unknown,,79,0,0,0,1,1
3630,"Concentrated solar power",EUROSTAT,"Statistical Office",1992,"Installed capacity in MW",DE,Unknown,,0,0,0,0,0,1
3631,"Fossil fuels",EUROSTAT,"Statistical Office",1992,"Installed capacity in MW",DE,Unknown,,83989,0,1,0,0,0
3632,Geothermal,EUROSTAT,"Statistical Office",1992,"Installed capacity in MW",DE,Unknown,,0,0,0,1,1,1
3633,Hydro,EUROSTAT,"Statistical Office",1992,"Installed capacity in MW",DE,Unknown,,8625,0,0,1,1,0
3634,Marine,EUROSTAT,"Statistical Office",1992,"Installed capacity in MW",DE,Unknown,,0,0,0,1,1,1
3635,"Non-renewable waste",EUROSTAT,"Statistical Office",1992,"Installed capacity in MW",DE,Unknown,,875,0,0,1,1,1
3636,Nuclear,EUROSTAT,"Statistical Office",1992,"Installed capacity in MW",DE,Unknown,,22605,0,1,1,1,1
3637,"Other bioenergy and renewable waste",EUROSTAT,"Statistical Office",1992,"Installed capacity in MW",DE,Unknown,,77,0,0,0,1,1
3638,Photovoltaics,EUROSTAT,"Statistical Office",1992,"Installed capacity in MW",DE,Unknown,,6,0,0,0,0,1
3639,"Pumped storage",EUROSTAT,"Statistical Office",1992,"Installed capacity in MW",DE,Unknown,,4576,0,0,0,0,1
3640,Wind,EUROSTAT,"Statistical Office",1992,"Installed capacity in MW",DE,Unknown,,183,0,0,1,1,0
3641,"Differently categorized solar",EUROSTAT,"Statistical Office",1992,"Installed capacity in MW",DE,Unknown,,0,0,0,0,0,1
3642,Solar,EUROSTAT,"Statistical Office",1992,"Installed capacity in MW",DE,Unknown,,6,0,0,1,1,0
3643,"Differently categorized wind",EUROSTAT,"Statistical Office",1992,"Installed capacity in MW",DE,Unknown,,183,0,0,0,0,1
3644,"Bioenergy and renewable waste",EUROSTAT,"Statistical Office",1992,"Installed capacity in MW",DE,Unknown,,156,0,0,1,0,0
3645,"Renewable energy sources",EUROSTAT,"Statistical Office",1992,"Installed capacity in MW",DE,Unknown,,8970,0,1,0,0,0
3646,"Differently categorized fossil fuels",EUROSTAT,"Statistical Office",1992,"Installed capacity in MW",DE,Unknown,,83114,0,0,1,1,1
3647,Total,EUROSTAT,"Statistical Office",1992,"Installed capacity in MW",DE,Unknown,,115564,1,0,0,0,0
3648,"Biomass and biogas",EUROSTAT,"Statistical Office",1993,"Installed capacity in MW",DE,Unknown,,89,0,0,0,1,1
3649,"Concentrated solar power",EUROSTAT,"Statistical Office",1993,"Installed capacity in MW",DE,Unknown,,0,0,0,0,0,1
3650,"Fossil fuels",EUROSTAT,"Statistical Office",1993,"Installed capacity in MW",DE,Unknown,,82668,0,1,0,0,0
3651,Geothermal,EUROSTAT,"Statistical Office",1993,"Installed capacity in MW",DE,Unknown,,0,0,0,1,1,1
3652,Hydro,EUROSTAT,"Statistical Office",1993,"Installed capacity in MW",DE,Unknown,,8693,0,0,1,1,0
3653,Marine,EUROSTAT,"Statistical Office",1993,"Installed capacity in MW",DE,Unknown,,0,0,0,1,1,1
3654,"Non-renewable waste",EUROSTAT,"Statistical Office",1993,"Installed capacity in MW",DE,Unknown,,889,0,0,1,1,1
3655,Nuclear,EUROSTAT,"Statistical Office",1993,"Installed capacity in MW",DE,Unknown,,22657,0,1,1,1,1
3656,"Other bioenergy and renewable waste",EUROSTAT,"Statistical Office",1993,"Installed capacity in MW",DE,Unknown,,77,0,0,0,1,1
3657,Photovoltaics,EUROSTAT,"Statistical Office",1993,"Installed capacity in MW",DE,Unknown,,9,0,0,0,0,1
3658,"Pumped storage",EUROSTAT,"Statistical Office",1993,"Installed capacity in MW",DE,Unknown,,4576,0,0,0,0,1
3659,Wind,EUROSTAT,"Statistical Office",1993,"Installed capacity in MW",DE,Unknown,,334,0,0,1,1,0
3660,"Differently categorized solar",EUROSTAT,"Statistical Office",1993,"Installed capacity in MW",DE,Unknown,,0,0,0,0,0,1
3661,Solar,EUROSTAT,"Statistical Office",1993,"Installed capacity in MW",DE,Unknown,,9,0,0,1,1,0
3662,"Differently categorized wind",EUROSTAT,"Statistical Office",1993,"Installed capacity in MW",DE,Unknown,,334,0,0,0,0,1
3663,"Bioenergy and renewable waste",EUROSTAT,"Statistical Office",1993,"Installed capacity in MW",DE,Unknown,,166,0,0,1,0,0
3664,"Renewable energy sources",EUROSTAT,"Statistical Office",1993,"Installed capacity in MW",DE,Unknown,,9202,0,1,0,0,0
3665,"Differently categorized fossil fuels",EUROSTAT,"Statistical Office",1993,"Installed capacity in MW",DE,Unknown,,81779,0,0,1,1,1
3666,Total,EUROSTAT,"Statistical Office",1993,"Installed capacity in MW",DE,Unknown,,114527,1,0,0,0,0
3667,"Biomass and biogas",EUROSTAT,"Statistical Office",1994,"Installed capacity in MW",DE,Unknown,,89,0,0,0,1,1
3668,"Concentrated solar power",EUROSTAT,"Statistical Office",1994,"Installed capacity in MW",DE,Unknown,,0,0,0,0,0,1
3669,"Fossil fuels",EUROSTAT,"Statistical Office",1994,"Installed capacity in MW",DE,Unknown,,82448,0,1,0,0,0
3670,Geothermal,EUROSTAT,"Statistical Office",1994,"Installed capacity in MW",DE,Unknown,,0,0,0,1,1,1
3671,Hydro,EUROSTAT,"Statistical Office",1994,"Installed capacity in MW",DE,Unknown,,8839,0,0,1,1,0
3672,Marine,EUROSTAT,"Statistical Office",1994,"Installed capacity in MW",DE,Unknown,,0,0,0,1,1,1
3673,"Non-renewable waste",EUROSTAT,"Statistical Office",1994,"Installed capacity in MW",DE,Unknown,,919,0,0,1,1,1
3674,Nuclear,EUROSTAT,"Statistical Office",1994,"Installed capacity in MW",DE,Unknown,,22713,0,1,1,1,1
3675,"Other bioenergy and renewable waste",EUROSTAT,"Statistical Office",1994,"Installed capacity in MW",DE,Unknown,,79,0,0,0,1,1
3676,Photovoltaics,EUROSTAT,"Statistical Office",1994,"Installed capacity in MW",DE,Unknown,,12,0,0,0,0,1
3677,"Pumped storage",EUROSTAT,"Statistical Office",1994,"Installed capacity in MW",DE,Unknown,,4628,0,0,0,0,1
3678,Wind,EUROSTAT,"Statistical Office",1994,"Installed capacity in MW",DE,Unknown,,643,0,0,1,1,0
3679,"Differently categorized solar",EUROSTAT,"Statistical Office",1994,"Installed capacity in MW",DE,Unknown,,0,0,0,0,0,1
3680,Solar,EUROSTAT,"Statistical Office",1994,"Installed capacity in MW",DE,Unknown,,12,0,0,1,1,0
3681,"Differently categorized wind",EUROSTAT,"Statistical Office",1994,"Installed capacity in MW",DE,Unknown,,643,0,0,0,0,1
3682,"Bioenergy and renewable waste",EUROSTAT,"Statistical Office",1994,"Installed capacity in MW",DE,Unknown,,168,0,0,1,0,0
3683,"Renewable energy sources",EUROSTAT,"Statistical Office",1994,"Installed capacity in MW",DE,Unknown,,9662,0,1,0,0,0
3684,"Differently categorized fossil fuels",EUROSTAT,"Statistical Office",1994,"Installed capacity in MW",DE,Unknown,,81529,0,0,1,1,1
3685,Total,EUROSTAT,"Statistical Office",1994,"Installed capacity in MW",DE,Unknown,,114823,1,0,0,0,0
3686,"Biomass and biogas",EUROSTAT,"Statistical Office",1995,"Installed capacity in MW",DE,Unknown,,229,0,0,0,1,1
3687,"Concentrated solar power",EUROSTAT,"Statistical Office",1995,"Installed capacity in MW",DE,Unknown,,0,0,0,0,0,1
3688,"Fossil fuels",EUROSTAT,"Statistical Office",1995,"Installed capacity in MW",DE,Unknown,,83053,0,1,0,0,0
3689,Geothermal,EUROSTAT,"Statistical Office",1995,"Installed capacity in MW",DE,Unknown,,0,0,0,1,1,1
3690,Hydro,EUROSTAT,"Statistical Office",1995,"Installed capacity in MW",DE,Unknown,,8876,0,0,1,1,0
3691,Marine,EUROSTAT,"Statistical Office",1995,"Installed capacity in MW",DE,Unknown,,0,0,0,1,1,1
3692,"Non-renewable waste",EUROSTAT,"Statistical Office",1995,"Installed capacity in MW",DE,Unknown,,1003,0,0,1,1,1
3693,Nuclear,EUROSTAT,"Statistical Office",1995,"Installed capacity in MW",DE,Unknown,,22834,0,1,1,1,1
3694,"Other bioenergy and renewable waste",EUROSTAT,"Statistical Office",1995,"Installed capacity in MW",DE,Unknown,,79,0,0,0,1,1
3695,Photovoltaics,EUROSTAT,"Statistical Office",1995,"Installed capacity in MW",DE,Unknown,,18,0,0,0,0,1
3696,"Pumped storage",EUROSTAT,"Statistical Office",1995,"Installed capacity in MW",DE,Unknown,,4528,0,0,0,0,1
3697,Wind,EUROSTAT,"Statistical Office",1995,"Installed capacity in MW",DE,Unknown,,1137,0,0,1,1,0
3698,"Differently categorized solar",EUROSTAT,"Statistical Office",1995,"Installed capacity in MW",DE,Unknown,,0,0,0,0,0,1
3699,Solar,EUROSTAT,"Statistical Office",1995,"Installed capacity in MW",DE,Unknown,,18,0,0,1,1,0
3700,"Differently categorized wind",EUROSTAT,"Statistical Office",1995,"Installed capacity in MW",DE,Unknown,,1137,0,0,0,0,1
3701,"Bioenergy and renewable waste",EUROSTAT,"Statistical Office",1995,"Installed capacity in MW",DE,Unknown,,308,0,0,1,0,0
3702,"Renewable energy sources",EUROSTAT,"Statistical Office",1995,"Installed capacity in MW",DE,Unknown,,10339,0,1,0,0,0
3703,"Differently categorized fossil fuels",EUROSTAT,"Statistical Office",1995,"Installed capacity in MW",DE,Unknown,,82050,0,0,1,1,1
3704,Total,EUROSTAT,"Statistical Office",1995,"Installed capacity in MW",DE,Unknown,,116226,1,0,0,0,0
3705,"Biomass and biogas",EUROSTAT,"Statistical Office",1996,"Installed capacity in MW",DE,Unknown,,229,0,0,0,1,1
3706,"Concentrated solar power",EUROSTAT,"Statistical Office",1996,"Installed capacity in MW",DE,Unknown,,0,0,0,0,0,1
3707,"Fossil fuels",EUROSTAT,"Statistical Office",1996,"Installed capacity in MW",DE,Unknown,,81192,0,1,0,0,0
3708,Geothermal,EUROSTAT,"Statistical Office",1996,"Installed capacity in MW",DE,Unknown,,0,0,0,1,1,1
3709,Hydro,EUROSTAT,"Statistical Office",1996,"Installed capacity in MW",DE,Unknown,,8940,0,0,1,1,0
3710,Marine,EUROSTAT,"Statistical Office",1996,"Installed capacity in MW",DE,Unknown,,0,0,0,1,1,1
3711,"Non-renewable waste",EUROSTAT,"Statistical Office",1996,"Installed capacity in MW",DE,Unknown,,1097,0,0,1,1,1
3712,Nuclear,EUROSTAT,"Statistical Office",1996,"Installed capacity in MW",DE,Unknown,,22910,0,1,1,1,1
3713,"Other bioenergy and renewable waste",EUROSTAT,"Statistical Office",1996,"Installed capacity in MW",DE,Unknown,,79,0,0,0,1,1
3714,Photovoltaics,EUROSTAT,"Statistical Office",1996,"Installed capacity in MW",DE,Unknown,,28,0,0,0,0,1
3715,"Pumped storage",EUROSTAT,"Statistical Office",1996,"Installed capacity in MW",DE,Unknown,,4635,0,0,0,0,1
3716,Wind,EUROSTAT,"Statistical Office",1996,"Installed capacity in MW",DE,Unknown,,1564,0,0,1,1,0
3717,"Differently categorized solar",EUROSTAT,"Statistical Office",1996,"Installed capacity in MW",DE,Unknown,,0,0,0,0,0,1
3718,Solar,EUROSTAT,"Statistical Office",1996,"Installed capacity in MW",DE,Unknown,,28,0,0,1,1,0
3719,"Differently categorized wind",EUROSTAT,"Statistical Office",1996,"Installed capacity in MW",DE,Unknown,,1564,0,0,0,0,1
3720,"Bioenergy and renewable waste",EUROSTAT,"Statistical Office",1996,"Installed capacity in MW",DE,Unknown,,308,0,0,1,0,0
3721,"Renewable energy sources",EUROSTAT,"Statistical Office",1996,"Installed capacity in MW",DE,Unknown,,10840,0,1,0,0,0
3722,"Differently categorized fossil fuels",EUROSTAT,"Statistical Office",1996,"Installed capacity in MW",DE,Unknown,,80095,0,0,1,1,1
3723,Total,EUROSTAT,"Statistical Office",1996,"Installed capacity in MW",DE,Unknown,,114942,1,0,0,0,0
3724,"Biomass and biogas",EUROSTAT,"Statistical Office",1997,"Installed capacity in MW",DE,Unknown,,229,0,0,0,1,1
3725,"Concentrated solar power",EUROSTAT,"Statistical Office",1997,"Installed capacity in MW",DE,Unknown,,0,0,0,0,0,1
3726,"Fossil fuels",EUROSTAT,"Statistical Office",1997,"Installed capacity in MW",DE,Unknown,,80549,0,1,0,0,0
3727,Geothermal,EUROSTAT,"Statistical Office",1997,"Installed capacity in MW",DE,Unknown,,0,0,0,1,1,1
3728,Hydro,EUROSTAT,"Statistical Office",1997,"Installed capacity in MW",DE,Unknown,,8841,0,0,1,1,0
3729,Marine,EUROSTAT,"Statistical Office",1997,"Installed capacity in MW",DE,Unknown,,0,0,0,1,1,1
3730,"Non-renewable waste",EUROSTAT,"Statistical Office",1997,"Installed capacity in MW",DE,Unknown,,1090,0,0,1,1,1
3731,Nuclear,EUROSTAT,"Statistical Office",1997,"Installed capacity in MW",DE,Unknown,,22314,0,1,1,1,1
3732,"Other bioenergy and renewable waste",EUROSTAT,"Statistical Office",1997,"Installed capacity in MW",DE,Unknown,,84,0,0,0,1,1
3733,Photovoltaics,EUROSTAT,"Statistical Office",1997,"Installed capacity in MW",DE,Unknown,,42,0,0,0,0,1
3734,"Pumped storage",EUROSTAT,"Statistical Office",1997,"Installed capacity in MW",DE,Unknown,,4545,0,0,0,0,1
3735,Wind,EUROSTAT,"Statistical Office",1997,"Installed capacity in MW",DE,Unknown,,1966,0,0,1,1,0
3736,"Differently categorized solar",EUROSTAT,"Statistical Office",1997,"Installed capacity in MW",DE,Unknown,,0,0,0,0,0,1
3737,Solar,EUROSTAT,"Statistical Office",1997,"Installed capacity in MW",DE,Unknown,,42,0,0,1,1,0
3738,"Differently categorized wind",EUROSTAT,"Statistical Office",1997,"Installed capacity in MW",DE,Unknown,,1966,0,0,0,0,1
3739,"Bioenergy and renewable waste",EUROSTAT,"Statistical Office",1997,"Installed capacity in MW",DE,Unknown,,313,0,0,1,0,0
3740,"Renewable energy sources",EUROSTAT,"Statistical Office",1997,"Installed capacity in MW",DE,Unknown,,11162,0,1,0,0,0
3741,"Differently categorized fossil fuels",EUROSTAT,"Statistical Office",1997,"Installed capacity in MW",DE,Unknown,,79459,0,0,1,1,1
3742,Total,EUROSTAT,"Statistical Office",1997,"Installed capacity in MW",DE,Unknown,,114025,1,0,0,0,0
3743,"Biomass and biogas",EUROSTAT,"Statistical Office",1998,"Installed capacity in MW",DE,Unknown,,229,0,0,0,1,1
3744,"Concentrated solar power",EUROSTAT,"Statistical Office",1998,"Installed capacity in MW",DE,Unknown,,0,0,0,0,0,1
3745,"Fossil fuels",EUROSTAT,"Statistical Office",1998,"Installed capacity in MW",DE,Unknown,,79452,0,1,0,0,0
3746,Geothermal,EUROSTAT,"Statistical Office",1998,"Installed capacity in MW",DE,Unknown,,0,0,0,1,1,1
3747,Hydro,EUROSTAT,"Statistical Office",1998,"Installed capacity in MW",DE,Unknown,,8914,0,0,1,1,0
3748,Marine,EUROSTAT,"Statistical Office",1998,"Installed capacity in MW",DE,Unknown,,0,0,0,1,1,1
3749,"Non-renewable waste",EUROSTAT,"Statistical Office",1998,"Installed capacity in MW",DE,Unknown,,1232,0,0,1,1,1
3750,Nuclear,EUROSTAT,"Statistical Office",1998,"Installed capacity in MW",DE,Unknown,,22314,0,1,1,1,1
3751,"Other bioenergy and renewable waste",EUROSTAT,"Statistical Office",1998,"Installed capacity in MW",DE,Unknown,,103,0,0,0,1,1
3752,Photovoltaics,EUROSTAT,"Statistical Office",1998,"Installed capacity in MW",DE,Unknown,,54,0,0,0,0,1
3753,"Pumped storage",EUROSTAT,"Statistical Office",1998,"Installed capacity in MW",DE,Unknown,,4545,0,0,0,0,1
3754,Wind,EUROSTAT,"Statistical Office",1998,"Installed capacity in MW",DE,Unknown,,2672,0,0,1,1,0
3755,"Differently categorized solar",EUROSTAT,"Statistical Office",1998,"Installed capacity in MW",DE,Unknown,,0,0,0,0,0,1
3756,Solar,EUROSTAT,"Statistical Office",1998,"Installed capacity in MW",DE,Unknown,,54,0,0,1,1,0
3757,"Differently categorized wind",EUROSTAT,"Statistical Office",1998,"Installed capacity in MW",DE,Unknown,,2672,0,0,0,0,1
3758,"Bioenergy and renewable waste",EUROSTAT,"Statistical Office",1998,"Installed capacity in MW",DE,Unknown,,332,0,0,1,0,0
3759,"Renewable energy sources",EUROSTAT,"Statistical Office",1998,"Installed capacity in MW",DE,Unknown,,11972,0,1,0,0,0
3760,"Differently categorized fossil fuels",EUROSTAT,"Statistical Office",1998,"Installed capacity in MW",DE,Unknown,,78220,0,0,1,1,1
3761,Total,EUROSTAT,"Statistical Office",1998,"Installed capacity in MW",DE,Unknown,,113738,1,0,0,0,0
3762,"Biomass and biogas",EUROSTAT,"Statistical Office",1999,"Installed capacity in MW",DE,Unknown,,287,0,0,0,1,1
3763,"Concentrated solar power",EUROSTAT,"Statistical Office",1999,"Installed capacity in MW",DE,Unknown,,0,0,0,0,0,1
3764,"Fossil fuels",EUROSTAT,"Statistical Office",1999,"Installed capacity in MW",DE,Unknown,,78957,0,1,0,0,0
3765,Geothermal,EUROSTAT,"Statistical Office",1999,"Installed capacity in MW",DE,Unknown,,0,0,0,1,1,1
3766,Hydro,EUROSTAT,"Statistical Office",1999,"Installed capacity in MW",DE,Unknown,,9201,0,0,1,1,0
3767,Marine,EUROSTAT,"Statistical Office",1999,"Installed capacity in MW",DE,Unknown,,0,0,0,1,1,1
3768,"Non-renewable waste",EUROSTAT,"Statistical Office",1999,"Installed capacity in MW",DE,Unknown,,1548,0,0,1,1,1
3769,Nuclear,EUROSTAT,"Statistical Office",1999,"Installed capacity in MW",DE,Unknown,,22329,0,1,1,1,1
3770,"Other bioenergy and renewable waste",EUROSTAT,"Statistical Office",1999,"Installed capacity in MW",DE,Unknown,,127,0,0,0,1,1
3771,Photovoltaics,EUROSTAT,"Statistical Office",1999,"Installed capacity in MW",DE,Unknown,,70,0,0,0,0,1
3772,"Pumped storage",EUROSTAT,"Statistical Office",1999,"Installed capacity in MW",DE,Unknown,,4654,0,0,0,0,1
3773,Wind,EUROSTAT,"Statistical Office",1999,"Installed capacity in MW",DE,Unknown,,4138,0,0,1,1,0
3774,"Differently categorized solar",EUROSTAT,"Statistical Office",1999,"Installed capacity in MW",DE,Unknown,,0,0,0,0,0,1
3775,Solar,EUROSTAT,"Statistical Office",1999,"Installed capacity in MW",DE,Unknown,,70,0,0,1,1,0
3776,"Differently categorized wind",EUROSTAT,"Statistical Office",1999,"Installed capacity in MW",DE,Unknown,,4138,0,0,0,0,1
3777,"Bioenergy and renewable waste",EUROSTAT,"Statistical Office",1999,"Installed capacity in MW",DE,Unknown,,414,0,0,1,0,0
3778,"Renewable energy sources",EUROSTAT,"Statistical Office",1999,"Installed capacity in MW",DE,Unknown,,13823,0,1,0,0,0
3779,"Differently categorized fossil fuels",EUROSTAT,"Statistical Office",1999,"Installed capacity in MW",DE,Unknown,,77409,0,0,1,1,1
3780,Total,EUROSTAT,"Statistical Office",1999,"Installed capacity in MW",DE,Unknown,,115109,1,0,0,0,0
3781,"Biomass and biogas",EUROSTAT,"Statistical Office",2000,"Installed capacity in MW",DE,Unknown,,345,0,0,0,1,1
3782,"Concentrated solar power",EUROSTAT,"Statistical Office",2000,"Installed capacity in MW",DE,Unknown,,0,0,0,0,0,1
3783,"Fossil fuels",EUROSTAT,"Statistical Office",2000,"Installed capacity in MW",DE,Unknown,,80320,0,1,0,0,0
3784,Geothermal,EUROSTAT,"Statistical Office",2000,"Installed capacity in MW",DE,Unknown,,0,0,0,1,1,1
3785,Hydro,EUROSTAT,"Statistical Office",2000,"Installed capacity in MW",DE,Unknown,,9485,0,0,1,1,0
3786,Marine,EUROSTAT,"Statistical Office",2000,"Installed capacity in MW",DE,Unknown,,0,0,0,1,1,1
3787,"Non-renewable waste",EUROSTAT,"Statistical Office",2000,"Installed capacity in MW",DE,Unknown,,1470,0,0,1,1,1
3788,Nuclear,EUROSTAT,"Statistical Office",2000,"Installed capacity in MW",DE,Unknown,,22396,0,1,1,1,1
3789,"Other bioenergy and renewable waste",EUROSTAT,"Statistical Office",2000,"Installed capacity in MW",DE,Unknown,,129,0,0,0,1,1
3790,Photovoltaics,EUROSTAT,"Statistical Office",2000,"Installed capacity in MW",DE,Unknown,,114,0,0,0,0,1
3791,"Pumped storage",EUROSTAT,"Statistical Office",2000,"Installed capacity in MW",DE,Unknown,,4654,0,0,0,0,1
3792,Wind,EUROSTAT,"Statistical Office",2000,"Installed capacity in MW",DE,Unknown,,6095,0,0,1,1,0
3793,"Differently categorized solar",EUROSTAT,"Statistical Office",2000,"Installed capacity in MW",DE,Unknown,,0,0,0,0,0,1
3794,Solar,EUROSTAT,"Statistical Office",2000,"Installed capacity in MW",DE,Unknown,,114,0,0,1,1,0
3795,"Differently categorized wind",EUROSTAT,"Statistical Office",2000,"Installed capacity in MW",DE,Unknown,,6095,0,0,0,0,1
3796,"Bioenergy and renewable waste",EUROSTAT,"Statistical Office",2000,"Installed capacity in MW",DE,Unknown,,474,0,0,1,0,0
3797,"Renewable energy sources",EUROSTAT,"Statistical Office",2000,"Installed capacity in MW",DE,Unknown,,16168,0,1,0,0,0
3798,"Differently categorized fossil fuels",EUROSTAT,"Statistical Office",2000,"Installed capacity in MW",DE,Unknown,,78850,0,0,1,1,1
3799,Total,EUROSTAT,"Statistical Office",2000,"Installed capacity in MW",DE,Unknown,,118884,1,0,0,0,0
3800,"Biomass and biogas",EUROSTAT,"Statistical Office",2001,"Installed capacity in MW",DE,Unknown,,565,0,0,0,1,1
3801,"Concentrated solar power",EUROSTAT,"Statistical Office",2001,"Installed capacity in MW",DE,Unknown,,0,0,0,0,0,1
3802,"Fossil fuels",EUROSTAT,"Statistical Office",2001,"Installed capacity in MW",DE,Unknown,,78625,0,1,0,0,0
3803,Geothermal,EUROSTAT,"Statistical Office",2001,"Installed capacity in MW",DE,Unknown,,0,0,0,1,1,1
3804,Hydro,EUROSTAT,"Statistical Office",2001,"Installed capacity in MW",DE,Unknown,,9393,0,0,1,1,0
3805,Marine,EUROSTAT,"Statistical Office",2001,"Installed capacity in MW",DE,Unknown,,0,0,0,1,1,1
3806,"Non-renewable waste",EUROSTAT,"Statistical Office",2001,"Installed capacity in MW",DE,Unknown,,1785,0,0,1,1,1
3807,Nuclear,EUROSTAT,"Statistical Office",2001,"Installed capacity in MW",DE,Unknown,,22396,0,1,1,1,1
3808,"Other bioenergy and renewable waste",EUROSTAT,"Statistical Office",2001,"Installed capacity in MW",DE,Unknown,,190,0,0,0,1,1
3809,Photovoltaics,EUROSTAT,"Statistical Office",2001,"Installed capacity in MW",DE,Unknown,,195,0,0,0,0,1
3810,"Pumped storage",EUROSTAT,"Statistical Office",2001,"Installed capacity in MW",DE,Unknown,,4562,0,0,0,0,1
3811,Wind,EUROSTAT,"Statistical Office",2001,"Installed capacity in MW",DE,Unknown,,8754,0,0,1,1,0
3812,"Differently categorized solar",EUROSTAT,"Statistical Office",2001,"Installed capacity in MW",DE,Unknown,,0,0,0,0,0,1
3813,Solar,EUROSTAT,"Statistical Office",2001,"Installed capacity in MW",DE,Unknown,,195,0,0,1,1,0
3814,"Differently categorized wind",EUROSTAT,"Statistical Office",2001,"Installed capacity in MW",DE,Unknown,,8754,0,0,0,0,1
3815,"Bioenergy and renewable waste",EUROSTAT,"Statistical Office",2001,"Installed capacity in MW",DE,Unknown,,755,0,0,1,0,0
3816,"Renewable energy sources",EUROSTAT,"Statistical Office",2001,"Installed capacity in MW",DE,Unknown,,19097,0,1,0,0,0
3817,"Differently categorized fossil fuels",EUROSTAT,"Statistical Office",2001,"Installed capacity in MW",DE,Unknown,,76840,0,0,1,1,1
3818,Total,EUROSTAT,"Statistical Office",2001,"Installed capacity in MW",DE,Unknown,,120118,1,0,0,0,0
3819,"Biomass and biogas",EUROSTAT,"Statistical Office",2002,"Installed capacity in MW",DE,Unknown,,586,0,0,0,1,1
3820,"Concentrated solar power",EUROSTAT,"Statistical Office",2002,"Installed capacity in MW",DE,Unknown,,0,0,0,0,0,1
3821,"Fossil fuels",EUROSTAT,"Statistical Office",2002,"Installed capacity in MW",DE,Unknown,,80221,0,1,0,0,0
3822,Geothermal,EUROSTAT,"Statistical Office",2002,"Installed capacity in MW",DE,Unknown,,0,0,0,1,1,1
3823,Hydro,EUROSTAT,"Statistical Office",2002,"Installed capacity in MW",DE,Unknown,,9589,0,0,1,1,0
3824,Marine,EUROSTAT,"Statistical Office",2002,"Installed capacity in MW",DE,Unknown,,0,0,0,1,1,1
3825,"Non-renewable waste",EUROSTAT,"Statistical Office",2002,"Installed capacity in MW",DE,Unknown,,1785,0,0,1,1,1
3826,Nuclear,EUROSTAT,"Statistical Office",2002,"Installed capacity in MW",DE,Unknown,,23403,0,1,1,1,1
3827,"Other bioenergy and renewable waste",EUROSTAT,"Statistical Office",2002,"Installed capacity in MW",DE,Unknown,,285,0,0,0,1,1
3828,Photovoltaics,EUROSTAT,"Statistical Office",2002,"Installed capacity in MW",DE,Unknown,,260,0,0,0,0,1
3829,"Pumped storage",EUROSTAT,"Statistical Office",2002,"Installed capacity in MW",DE,Unknown,,4652,0,0,0,0,1
3830,Wind,EUROSTAT,"Statistical Office",2002,"Installed capacity in MW",DE,Unknown,,12001,0,0,1,1,0
3831,"Differently categorized solar",EUROSTAT,"Statistical Office",2002,"Installed capacity in MW",DE,Unknown,,0,0,0,0,0,1
3832,Solar,EUROSTAT,"Statistical Office",2002,"Installed capacity in MW",DE,Unknown,,260,0,0,1,1,0
3833,"Differently categorized wind",EUROSTAT,"Statistical Office",2002,"Installed capacity in MW",DE,Unknown,,12001,0,0,0,0,1
3834,"Bioenergy and renewable waste",EUROSTAT,"Statistical Office",2002,"Installed capacity in MW",DE,Unknown,,871,0,0,1,0,0
3835,"Renewable energy sources",EUROSTAT,"Statistical Office",2002,"Installed capacity in MW",DE,Unknown,,22721,0,1,0,0,0
3836,"Differently categorized fossil fuels",EUROSTAT,"Statistical Office",2002,"Installed capacity in MW",DE,Unknown,,78436,0,0,1,1,1
3837,Total,EUROSTAT,"Statistical Office",2002,"Installed capacity in MW",DE,Unknown,,126345,1,0,0,0,0
3838,"Biomass and biogas",EUROSTAT,"Statistical Office",2003,"Installed capacity in MW",DE,Unknown,,579,0,0,0,1,1
3839,"Concentrated solar power",EUROSTAT,"Statistical Office",2003,"Installed capacity in MW",DE,Unknown,,0,0,0,0,0,1
3840,"Fossil fuels",EUROSTAT,"Statistical Office",2003,"Installed capacity in MW",DE,Unknown,,73433,0,1,0,0,0
3841,Geothermal,EUROSTAT,"Statistical Office",2003,"Installed capacity in MW",DE,Unknown,,0,0,0,1,1,1
3842,Hydro,EUROSTAT,"Statistical Office",2003,"Installed capacity in MW",DE,Unknown,,9493,0,0,1,1,0
3843,Marine,EUROSTAT,"Statistical Office",2003,"Installed capacity in MW",DE,Unknown,,0,0,0,1,1,1
3844,"Non-renewable waste",EUROSTAT,"Statistical Office",2003,"Installed capacity in MW",DE,Unknown,,902,0,0,1,1,1
3845,Nuclear,EUROSTAT,"Statistical Office",2003,"Installed capacity in MW",DE,Unknown,,21439,0,1,1,1,1
3846,"Other bioenergy and renewable waste",EUROSTAT,"Statistical Office",2003,"Installed capacity in MW",DE,Unknown,,859,0,0,0,1,1
3847,Photovoltaics,EUROSTAT,"Statistical Office",2003,"Installed capacity in MW",DE,Unknown,,435,0,0,0,0,1
3848,"Pumped storage",EUROSTAT,"Statistical Office",2003,"Installed capacity in MW",DE,Unknown,,4540,0,0,0,0,1
3849,Wind,EUROSTAT,"Statistical Office",2003,"Installed capacity in MW",DE,Unknown,,14381,0,0,1,1,0
3850,"Differently categorized solar",EUROSTAT,"Statistical Office",2003,"Installed capacity in MW",DE,Unknown,,0,0,0,0,0,1
3851,Solar,EUROSTAT,"Statistical Office",2003,"Installed capacity in MW",DE,Unknown,,435,0,0,1,1,0
3852,"Differently categorized wind",EUROSTAT,"Statistical Office",2003,"Installed capacity in MW",DE,Unknown,,14381,0,0,0,0,1
3853,"Bioenergy and renewable waste",EUROSTAT,"Statistical Office",2003,"Installed capacity in MW",DE,Unknown,,1438,0,0,1,0,0
3854,"Renewable energy sources",EUROSTAT,"Statistical Office",2003,"Installed capacity in MW",DE,Unknown,,25747,0,1,0,0,0
3855,"Differently categorized fossil fuels",EUROSTAT,"Statistical Office",2003,"Installed capacity in MW",DE,Unknown,,72531,0,0,1,1,1
3856,Total,EUROSTAT,"Statistical Office",2003,"Installed capacity in MW",DE,Unknown,,120619,1,0,0,0,0
3857,"Biomass and biogas",EUROSTAT,"Statistical Office",2004,"Installed capacity in MW",DE,Unknown,,674,0,0,0,1,1
3858,"Concentrated solar power",EUROSTAT,"Statistical Office",2004,"Installed capacity in MW",DE,Unknown,,0,0,0,0,0,1
3859,"Fossil fuels",EUROSTAT,"Statistical Office",2004,"Installed capacity in MW",DE,Unknown,,75776,0,1,0,0,0
3860,Geothermal,EUROSTAT,"Statistical Office",2004,"Installed capacity in MW",DE,Unknown,,0,0,0,1,1,1
3861,Hydro,EUROSTAT,"Statistical Office",2004,"Installed capacity in MW",DE,Unknown,,10313,0,0,1,1,0
3862,Marine,EUROSTAT,"Statistical Office",2004,"Installed capacity in MW",DE,Unknown,,0,0,0,1,1,1
3863,"Non-renewable waste",EUROSTAT,"Statistical Office",2004,"Installed capacity in MW",DE,Unknown,,943,0,0,1,1,1
3864,Nuclear,EUROSTAT,"Statistical Office",2004,"Installed capacity in MW",DE,Unknown,,20552,0,1,1,1,1
3865,"Other bioenergy and renewable waste",EUROSTAT,"Statistical Office",2004,"Installed capacity in MW",DE,Unknown,,1020,0,0,0,1,1
3866,Photovoltaics,EUROSTAT,"Statistical Office",2004,"Installed capacity in MW",DE,Unknown,,1105,0,0,0,0,1
3867,"Pumped storage",EUROSTAT,"Statistical Office",2004,"Installed capacity in MW",DE,Unknown,,5127,0,0,0,0,1
3868,Wind,EUROSTAT,"Statistical Office",2004,"Installed capacity in MW",DE,Unknown,,16419,0,0,1,1,0
3869,"Differently categorized solar",EUROSTAT,"Statistical Office",2004,"Installed capacity in MW",DE,Unknown,,0,0,0,0,0,1
3870,Solar,EUROSTAT,"Statistical Office",2004,"Installed capacity in MW",DE,Unknown,,1105,0,0,1,1,0
3871,"Differently categorized wind",EUROSTAT,"Statistical Office",2004,"Installed capacity in MW",DE,Unknown,,16419,0,0,0,0,1
3872,"Bioenergy and renewable waste",EUROSTAT,"Statistical Office",2004,"Installed capacity in MW",DE,Unknown,,1694,0,0,1,0,0
3873,"Renewable energy sources",EUROSTAT,"Statistical Office",2004,"Installed capacity in MW",DE,Unknown,,29531,0,1,0,0,0
3874,"Differently categorized fossil fuels",EUROSTAT,"Statistical Office",2004,"Installed capacity in MW",DE,Unknown,,74833,0,0,1,1,1
3875,Total,EUROSTAT,"Statistical Office",2004,"Installed capacity in MW",DE,Unknown,,125859,1,0,0,0,0
3876,"Biomass and biogas",EUROSTAT,"Statistical Office",2005,"Installed capacity in MW",DE,Unknown,,1156,0,0,0,1,1
3877,"Concentrated solar power",EUROSTAT,"Statistical Office",2005,"Installed capacity in MW",DE,Unknown,,0,0,0,0,0,1
3878,"Fossil fuels",EUROSTAT,"Statistical Office",2005,"Installed capacity in MW",DE,Unknown,,74006,0,1,0,0,0
3879,Geothermal,EUROSTAT,"Statistical Office",2005,"Installed capacity in MW",DE,Unknown,,0,0,0,1,1,1
3880,Hydro,EUROSTAT,"Statistical Office",2005,"Installed capacity in MW",DE,Unknown,,10858,0,0,1,1,0
3881,Marine,EUROSTAT,"Statistical Office",2005,"Installed capacity in MW",DE,Unknown,,0,0,0,1,1,1
3882,"Non-renewable waste",EUROSTAT,"Statistical Office",2005,"Installed capacity in MW",DE,Unknown,,1174,0,0,1,1,1
3883,Nuclear,EUROSTAT,"Statistical Office",2005,"Installed capacity in MW",DE,Unknown,,20378,0,1,1,1,1
3884,"Other bioenergy and renewable waste",EUROSTAT,"Statistical Office",2005,"Installed capacity in MW",DE,Unknown,,1218,0,0,0,1,1
3885,Photovoltaics,EUROSTAT,"Statistical Office",2005,"Installed capacity in MW",DE,Unknown,,2056,0,0,0,0,1
3886,"Pumped storage",EUROSTAT,"Statistical Office",2005,"Installed capacity in MW",DE,Unknown,,5648,0,0,0,0,1
3887,Wind,EUROSTAT,"Statistical Office",2005,"Installed capacity in MW",DE,Unknown,,18248,0,0,1,1,0
3888,"Differently categorized solar",EUROSTAT,"Statistical Office",2005,"Installed capacity in MW",DE,Unknown,,0,0,0,0,0,1
3889,Solar,EUROSTAT,"Statistical Office",2005,"Installed capacity in MW",DE,Unknown,,2056,0,0,1,1,0
3890,"Differently categorized wind",EUROSTAT,"Statistical Office",2005,"Installed capacity in MW",DE,Unknown,,18248,0,0,0,0,1
3891,"Bioenergy and renewable waste",EUROSTAT,"Statistical Office",2005,"Installed capacity in MW",DE,Unknown,,2374,0,0,1,0,0
3892,"Renewable energy sources",EUROSTAT,"Statistical Office",2005,"Installed capacity in MW",DE,Unknown,,33536,0,1,0,0,0
3893,"Differently categorized fossil fuels",EUROSTAT,"Statistical Office",2005,"Installed capacity in MW",DE,Unknown,,72832,0,0,1,1,1
3894,Total,EUROSTAT,"Statistical Office",2005,"Installed capacity in MW",DE,Unknown,,127920,1,0,0,0,0
3895,"Biomass and biogas",EUROSTAT,"Statistical Office",2006,"Installed capacity in MW",DE,Unknown,,1605,0,0,0,1,1
3896,"Concentrated solar power",EUROSTAT,"Statistical Office",2006,"Installed capacity in MW",DE,Unknown,,0,0,0,0,0,1
3897,"Fossil fuels",EUROSTAT,"Statistical Office",2006,"Installed capacity in MW",DE,Unknown,,73864,0,1,0,0,0
3898,Geothermal,EUROSTAT,"Statistical Office",2006,"Installed capacity in MW",DE,Unknown,,0,0,0,1,1,1
3899,Hydro,EUROSTAT,"Statistical Office",2006,"Installed capacity in MW",DE,Unknown,,10842,0,0,1,1,0
3900,Marine,EUROSTAT,"Statistical Office",2006,"Installed capacity in MW",DE,Unknown,,0,0,0,1,1,1
3901,"Non-renewable waste",EUROSTAT,"Statistical Office",2006,"Installed capacity in MW",DE,Unknown,,1273,0,0,1,1,1
3902,Nuclear,EUROSTAT,"Statistical Office",2006,"Installed capacity in MW",DE,Unknown,,20208,0,1,1,1,1
3903,"Other bioenergy and renewable waste",EUROSTAT,"Statistical Office",2006,"Installed capacity in MW",DE,Unknown,,1411,0,0,0,1,1
3904,Photovoltaics,EUROSTAT,"Statistical Office",2006,"Installed capacity in MW",DE,Unknown,,2899,0,0,0,0,1
3905,"Pumped storage",EUROSTAT,"Statistical Office",2006,"Installed capacity in MW",DE,Unknown,,5649,0,0,0,0,1
3906,Wind,EUROSTAT,"Statistical Office",2006,"Installed capacity in MW",DE,Unknown,,20474,0,0,1,1,0
3907,"Differently categorized solar",EUROSTAT,"Statistical Office",2006,"Installed capacity in MW",DE,Unknown,,0,0,0,0,0,1
3908,Solar,EUROSTAT,"Statistical Office",2006,"Installed capacity in MW",DE,Unknown,,2899,0,0,1,1,0
3909,"Differently categorized wind",EUROSTAT,"Statistical Office",2006,"Installed capacity in MW",DE,Unknown,,20474,0,0,0,0,1
3910,"Bioenergy and renewable waste",EUROSTAT,"Statistical Office",2006,"Installed capacity in MW",DE,Unknown,,3016,0,0,1,0,0
3911,"Renewable energy sources",EUROSTAT,"Statistical Office",2006,"Installed capacity in MW",DE,Unknown,,37231,0,1,0,0,0
3912,"Differently categorized fossil fuels",EUROSTAT,"Statistical Office",2006,"Installed capacity in MW",DE,Unknown,,72591,0,0,1,1,1
3913,Total,EUROSTAT,"Statistical Office",2006,"Installed capacity in MW",DE,Unknown,,131303,1,0,0,0,0
3914,"Biomass and biogas",EUROSTAT,"Statistical Office",2007,"Installed capacity in MW",DE,Unknown,,1956,0,0,0,1,1
3915,"Concentrated solar power",EUROSTAT,"Statistical Office",2007,"Installed capacity in MW",DE,Unknown,,0,0,0,0,0,1
3916,"Fossil fuels",EUROSTAT,"Statistical Office",2007,"Installed capacity in MW",DE,Unknown,,75055,0,1,0,0,0
3917,Geothermal,EUROSTAT,"Statistical Office",2007,"Installed capacity in MW",DE,Unknown,,3,0,0,1,1,1
3918,Hydro,EUROSTAT,"Statistical Office",2007,"Installed capacity in MW",DE,Unknown,,10833,0,0,1,1,0
3919,Marine,EUROSTAT,"Statistical Office",2007,"Installed capacity in MW",DE,Unknown,,0,0,0,1,1,1
3920,"Non-renewable waste",EUROSTAT,"Statistical Office",2007,"Installed capacity in MW",DE,Unknown,,1228,0,0,1,1,1
3921,Nuclear,EUROSTAT,"Statistical Office",2007,"Installed capacity in MW",DE,Unknown,,20208,0,1,1,1,1
3922,"Other bioenergy and renewable waste",EUROSTAT,"Statistical Office",2007,"Installed capacity in MW",DE,Unknown,,1524,0,0,0,1,1
3923,Photovoltaics,EUROSTAT,"Statistical Office",2007,"Installed capacity in MW",DE,Unknown,,4170,0,0,0,0,1
3924,"Pumped storage",EUROSTAT,"Statistical Office",2007,"Installed capacity in MW",DE,Unknown,,5696,0,0,0,0,1
3925,Wind,EUROSTAT,"Statistical Office",2007,"Installed capacity in MW",DE,Unknown,,22116,0,0,1,1,0
3926,"Differently categorized solar",EUROSTAT,"Statistical Office",2007,"Installed capacity in MW",DE,Unknown,,0,0,0,0,0,1
3927,Solar,EUROSTAT,"Statistical Office",2007,"Installed capacity in MW",DE,Unknown,,4170,0,0,1,1,0
3928,"Differently categorized wind",EUROSTAT,"Statistical Office",2007,"Installed capacity in MW",DE,Unknown,,22116,0,0,0,0,1
3929,"Bioenergy and renewable waste",EUROSTAT,"Statistical Office",2007,"Installed capacity in MW",DE,Unknown,,3480,0,0,1,0,0
3930,"Renewable energy sources",EUROSTAT,"Statistical Office",2007,"Installed capacity in MW",DE,Unknown,,40602,0,1,0,0,0
3931,"Differently categorized fossil fuels",EUROSTAT,"Statistical Office",2007,"Installed capacity in MW",DE,Unknown,,73827,0,0,1,1,1
3932,Total,EUROSTAT,"Statistical Office",2007,"Installed capacity in MW",DE,Unknown,,135865,1,0,0,0,0
3933,"Biomass and biogas",EUROSTAT,"Statistical Office",2008,"Installed capacity in MW",DE,Unknown,,2226,0,0,0,1,1
3934,"Concentrated solar power",EUROSTAT,"Statistical Office",2008,"Installed capacity in MW",DE,Unknown,,0,0,0,0,0,1
3935,"Fossil fuels",EUROSTAT,"Statistical Office",2008,"Installed capacity in MW",DE,Unknown,,77899,0,1,0,0,0
3936,Geothermal,EUROSTAT,"Statistical Office",2008,"Installed capacity in MW",DE,Unknown,,3,0,0,1,1,1
3937,Hydro,EUROSTAT,"Statistical Office",2008,"Installed capacity in MW",DE,Unknown,,10805,0,0,1,1,0
3938,Marine,EUROSTAT,"Statistical Office",2008,"Installed capacity in MW",DE,Unknown,,0,0,0,1,1,1
3939,"Non-renewable waste",EUROSTAT,"Statistical Office",2008,"Installed capacity in MW",DE,Unknown,,2471,0,0,1,1,1
3940,Nuclear,EUROSTAT,"Statistical Office",2008,"Installed capacity in MW",DE,Unknown,,20486,0,1,1,1,1
3941,"Other bioenergy and renewable waste",EUROSTAT,"Statistical Office",2008,"Installed capacity in MW",DE,Unknown,,1663,0,0,0,1,1
3942,Photovoltaics,EUROSTAT,"Statistical Office",2008,"Installed capacity in MW",DE,Unknown,,6120,0,0,0,0,1
3943,"Pumped storage",EUROSTAT,"Statistical Office",2008,"Installed capacity in MW",DE,Unknown,,5641,0,0,0,0,1
3944,Wind,EUROSTAT,"Statistical Office",2008,"Installed capacity in MW",DE,Unknown,,22794,0,0,1,1,0
3945,"Differently categorized solar",EUROSTAT,"Statistical Office",2008,"Installed capacity in MW",DE,Unknown,,0,0,0,0,0,1
3946,Solar,EUROSTAT,"Statistical Office",2008,"Installed capacity in MW",DE,Unknown,,6120,0,0,1,1,0
3947,"Differently categorized wind",EUROSTAT,"Statistical Office",2008,"Installed capacity in MW",DE,Unknown,,22794,0,0,0,0,1
3948,"Bioenergy and renewable waste",EUROSTAT,"Statistical Office",2008,"Installed capacity in MW",DE,Unknown,,3889,0,0,1,0,0
3949,"Renewable energy sources",EUROSTAT,"Statistical Office",2008,"Installed capacity in MW",DE,Unknown,,43611,0,1,0,0,0
3950,"Differently categorized fossil fuels",EUROSTAT,"Statistical Office",2008,"Installed capacity in MW",DE,Unknown,,75428,0,0,1,1,1
3951,Total,EUROSTAT,"Statistical Office",2008,"Installed capacity in MW",DE,Unknown,,141996,1,0,0,0,0
3952,"Biomass and biogas",EUROSTAT,"Statistical Office",2009,"Installed capacity in MW",DE,Unknown,,3399,0,0,0,1,1
3953,"Concentrated solar power",EUROSTAT,"Statistical Office",2009,"Installed capacity in MW",DE,Unknown,,2,0,0,0,0,1
3954,"Fossil fuels",EUROSTAT,"Statistical Office",2009,"Installed capacity in MW",DE,Unknown,,78378,0,1,0,0,0
3955,Geothermal,EUROSTAT,"Statistical Office",2009,"Installed capacity in MW",DE,Unknown,,8,0,0,1,1,1
3956,Hydro,EUROSTAT,"Statistical Office",2009,"Installed capacity in MW",DE,Unknown,,11238,0,0,1,1,0
3957,Marine,EUROSTAT,"Statistical Office",2009,"Installed capacity in MW",DE,Unknown,,0,0,0,1,1,1
3958,"Non-renewable waste",EUROSTAT,"Statistical Office",2009,"Installed capacity in MW",DE,Unknown,,2644,0,0,1,1,1
3959,Nuclear,EUROSTAT,"Statistical Office",2009,"Installed capacity in MW",DE,Unknown,,20480,0,1,1,1,1
3960,"Other bioenergy and renewable waste",EUROSTAT,"Statistical Office",2009,"Installed capacity in MW",DE,Unknown,,1468,0,0,0,1,1
3961,Photovoltaics,EUROSTAT,"Statistical Office",2009,"Installed capacity in MW",DE,Unknown,,10565,0,0,0,0,1
3962,"Pumped storage",EUROSTAT,"Statistical Office",2009,"Installed capacity in MW",DE,Unknown,,5898,0,0,0,0,1
3963,Wind,EUROSTAT,"Statistical Office",2009,"Installed capacity in MW",DE,Unknown,,25732,0,0,1,1,0
3964,"Differently categorized solar",EUROSTAT,"Statistical Office",2009,"Installed capacity in MW",DE,Unknown,,0,0,0,0,0,1
3965,Solar,EUROSTAT,"Statistical Office",2009,"Installed capacity in MW",DE,Unknown,,10567,0,0,1,1,0
3966,"Differently categorized wind",EUROSTAT,"Statistical Office",2009,"Installed capacity in MW",DE,Unknown,,25732,0,0,0,0,1
3967,"Bioenergy and renewable waste",EUROSTAT,"Statistical Office",2009,"Installed capacity in MW",DE,Unknown,,4867,0,0,1,0,0
3968,"Renewable energy sources",EUROSTAT,"Statistical Office",2009,"Installed capacity in MW",DE,Unknown,,52412,0,1,0,0,0
3969,"Differently categorized fossil fuels",EUROSTAT,"Statistical Office",2009,"Installed capacity in MW",DE,Unknown,,75734,0,0,1,1,1
3970,Total,EUROSTAT,"Statistical Office",2009,"Installed capacity in MW",DE,Unknown,,151270,1,0,0,0,0
3971,"Biomass and biogas",EUROSTAT,"Statistical Office",2010,"Installed capacity in MW",DE,Unknown,,3958,0,0,0,1,1
3972,"Concentrated solar power",EUROSTAT,"Statistical Office",2010,"Installed capacity in MW",DE,Unknown,,2,0,0,0,0,1
3973,"Fossil fuels",EUROSTAT,"Statistical Office",2010,"Installed capacity in MW",DE,Unknown,,80365,0,1,0,0,0
3974,Geothermal,EUROSTAT,"Statistical Office",2010,"Installed capacity in MW",DE,Unknown,,8,0,0,1,1,1
3975,Hydro,EUROSTAT,"Statistical Office",2010,"Installed capacity in MW",DE,Unknown,,11218,0,0,1,1,0
3976,Marine,EUROSTAT,"Statistical Office",2010,"Installed capacity in MW",DE,Unknown,,0,0,0,1,1,1
3977,"Non-renewable waste",EUROSTAT,"Statistical Office",2010,"Installed capacity in MW",DE,Unknown,,2752,0,0,1,1,1
3978,Nuclear,EUROSTAT,"Statistical Office",2010,"Installed capacity in MW",DE,Unknown,,20467,0,1,1,1,1
3979,"Other bioenergy and renewable waste",EUROSTAT,"Statistical Office",2010,"Installed capacity in MW",DE,Unknown,,1500,0,0,0,1,1
3980,Photovoltaics,EUROSTAT,"Statistical Office",2010,"Installed capacity in MW",DE,Unknown,,18005,0,0,0,0,1
3981,"Pumped storage",EUROSTAT,"Statistical Office",2010,"Installed capacity in MW",DE,Unknown,,5811,0,0,0,0,1
3982,Wind,EUROSTAT,"Statistical Office",2010,"Installed capacity in MW",DE,Unknown,,26903,0,0,1,1,0
3983,"Differently categorized solar",EUROSTAT,"Statistical Office",2010,"Installed capacity in MW",DE,Unknown,,0,0,0,0,0,1
3984,Solar,EUROSTAT,"Statistical Office",2010,"Installed capacity in MW",DE,Unknown,,18007,0,0,1,1,0
3985,"Differently categorized wind",EUROSTAT,"Statistical Office",2010,"Installed capacity in MW",DE,Unknown,,26903,0,0,0,0,1
3986,"Bioenergy and renewable waste",EUROSTAT,"Statistical Office",2010,"Installed capacity in MW",DE,Unknown,,5458,0,0,1,0,0
3987,"Renewable energy sources",EUROSTAT,"Statistical Office",2010,"Installed capacity in MW",DE,Unknown,,61594,0,1,0,0,0
3988,"Differently categorized fossil fuels",EUROSTAT,"Statistical Office",2010,"Installed capacity in MW",DE,Unknown,,77613,0,0,1,1,1
3989,Total,EUROSTAT,"Statistical Office",2010,"Installed capacity in MW",DE,Unknown,,162426,1,0,0,0,0
3990,"Biomass and biogas",EUROSTAT,"Statistical Office",2011,"Installed capacity in MW",DE,Unknown,,4865,0,0,0,1,1
3991,"Concentrated solar power",EUROSTAT,"Statistical Office",2011,"Installed capacity in MW",DE,Unknown,,2,0,0,0,0,1
3992,"Fossil fuels",EUROSTAT,"Statistical Office",2011,"Installed capacity in MW",DE,Unknown,,83002,0,1,0,0,0
3993,Geothermal,EUROSTAT,"Statistical Office",2011,"Installed capacity in MW",DE,Unknown,,8,0,0,1,1,1
3994,Hydro,EUROSTAT,"Statistical Office",2011,"Installed capacity in MW",DE,Unknown,,11436,0,0,1,1,0
3995,Marine,EUROSTAT,"Statistical Office",2011,"Installed capacity in MW",DE,Unknown,,0,0,0,1,1,1
3996,"Non-renewable waste",EUROSTAT,"Statistical Office",2011,"Installed capacity in MW",DE,Unknown,,2718,0,0,1,1,1
3997,Nuclear,EUROSTAT,"Statistical Office",2011,"Installed capacity in MW",DE,Unknown,,20467,0,1,1,1,1
3998,"Other bioenergy and renewable waste",EUROSTAT,"Statistical Office",2011,"Installed capacity in MW",DE,Unknown,,1554,0,0,0,1,1
3999,Photovoltaics,EUROSTAT,"Statistical Office",2011,"Installed capacity in MW",DE,Unknown,,25915,0,0,0,0,1
4000,"Pumped storage",EUROSTAT,"Statistical Office",2011,"Installed capacity in MW",DE,Unknown,,5811,0,0,0,0,1
4001,Wind,EUROSTAT,"Statistical Office",2011,"Installed capacity in MW",DE,Unknown,,28712,0,0,1,1,0
4002,"Differently categorized solar",EUROSTAT,"Statistical Office",2011,"Installed capacity in MW",DE,Unknown,,0,0,0,0,0,1
4003,Solar,EUROSTAT,"Statistical Office",2011,"Installed capacity in MW",DE,Unknown,,25917,0,0,1,1,0
4004,"Differently categorized wind",EUROSTAT,"Statistical Office",2011,"Installed capacity in MW",DE,Unknown,,28712,0,0,0,0,1
4005,"Bioenergy and renewable waste",EUROSTAT,"Statistical Office",2011,"Installed capacity in MW",DE,Unknown,,6419,0,0,1,0,0
4006,"Renewable energy sources",EUROSTAT,"Statistical Office",2011,"Installed capacity in MW",DE,Unknown,,72492,0,1,0,0,0
4007,"Differently categorized fossil fuels",EUROSTAT,"Statistical Office",2011,"Installed capacity in MW",DE,Unknown,,80284,0,0,1,1,1
4008,Total,EUROSTAT,"Statistical Office",2011,"Installed capacity in MW",DE,Unknown,,175961,1,0,0,0,0
4009,"Biomass and biogas",EUROSTAT,"Statistical Office",2012,"Installed capacity in MW",DE,Unknown,,5198,0,0,0,1,1
4010,"Concentrated solar power",EUROSTAT,"Statistical Office",2012,"Installed capacity in MW",DE,Unknown,,2,0,0,0,0,1
4011,"Fossil fuels",EUROSTAT,"Statistical Office",2012,"Installed capacity in MW",DE,Unknown,,82893,0,1,0,0,0
4012,Geothermal,EUROSTAT,"Statistical Office",2012,"Installed capacity in MW",DE,Unknown,,12,0,0,1,1,1
4013,Hydro,EUROSTAT,"Statistical Office",2012,"Installed capacity in MW",DE,Unknown,,11257,0,0,1,1,0
4014,Marine,EUROSTAT,"Statistical Office",2012,"Installed capacity in MW",DE,Unknown,,0,0,0,1,1,1
4015,"Non-renewable waste",EUROSTAT,"Statistical Office",2012,"Installed capacity in MW",DE,Unknown,,2726,0,0,1,1,1
4016,Nuclear,EUROSTAT,"Statistical Office",2012,"Installed capacity in MW",DE,Unknown,,12068,0,1,1,1,1
4017,"Other bioenergy and renewable waste",EUROSTAT,"Statistical Office",2012,"Installed capacity in MW",DE,Unknown,,1558,0,0,0,1,1
4018,Photovoltaics,EUROSTAT,"Statistical Office",2012,"Installed capacity in MW",DE,Unknown,,34075,0,0,0,0,1
4019,"Pumped storage",EUROSTAT,"Statistical Office",2012,"Installed capacity in MW",DE,Unknown,,5650,0,0,0,0,1
4020,Wind,EUROSTAT,"Statistical Office",2012,"Installed capacity in MW",DE,Unknown,,30979,0,0,1,1,0
4021,"Differently categorized solar",EUROSTAT,"Statistical Office",2012,"Installed capacity in MW",DE,Unknown,,0,0,0,0,0,1
4022,Solar,EUROSTAT,"Statistical Office",2012,"Installed capacity in MW",DE,Unknown,,34077,0,0,1,1,0
4023,"Differently categorized wind",EUROSTAT,"Statistical Office",2012,"Installed capacity in MW",DE,Unknown,,30979,0,0,0,0,1
4024,"Bioenergy and renewable waste",EUROSTAT,"Statistical Office",2012,"Installed capacity in MW",DE,Unknown,,6756,0,0,1,0,0
4025,"Renewable energy sources",EUROSTAT,"Statistical Office",2012,"Installed capacity in MW",DE,Unknown,,83081,0,1,0,0,0
4026,"Differently categorized fossil fuels",EUROSTAT,"Statistical Office",2012,"Installed capacity in MW",DE,Unknown,,80167,0,0,1,1,1
4027,Total,EUROSTAT,"Statistical Office",2012,"Installed capacity in MW",DE,Unknown,,178042,1,0,0,0,0
4028,"Biomass and biogas",EUROSTAT,"Statistical Office",2013,"Installed capacity in MW",DE,Unknown,,5411,0,0,0,1,1
4029,"Concentrated solar power",EUROSTAT,"Statistical Office",2013,"Installed capacity in MW",DE,Unknown,,2,0,0,0,0,1
4030,"Fossil fuels",EUROSTAT,"Statistical Office",2013,"Installed capacity in MW",DE,Unknown,,84334,0,1,0,0,0
4031,Geothermal,EUROSTAT,"Statistical Office",2013,"Installed capacity in MW",DE,Unknown,,24,0,0,1,1,1
4032,Hydro,EUROSTAT,"Statistical Office",2013,"Installed capacity in MW",DE,Unknown,,11240,0,0,1,1,0
4033,Marine,EUROSTAT,"Statistical Office",2013,"Installed capacity in MW",DE,Unknown,,0,0,0,1,1,1
4034,"Non-renewable waste",EUROSTAT,"Statistical Office",2013,"Installed capacity in MW",DE,Unknown,,2813,0,0,1,1,1
4035,Nuclear,EUROSTAT,"Statistical Office",2013,"Installed capacity in MW",DE,Unknown,,12068,0,1,1,1,1
4036,"Other bioenergy and renewable waste",EUROSTAT,"Statistical Office",2013,"Installed capacity in MW",DE,Unknown,,1623,0,0,0,1,1
4037,Photovoltaics,EUROSTAT,"Statistical Office",2013,"Installed capacity in MW",DE,Unknown,,36709,0,0,0,0,1
4038,"Pumped storage",EUROSTAT,"Statistical Office",2013,"Installed capacity in MW",DE,Unknown,,5650,0,0,0,0,1
4039,Wind,EUROSTAT,"Statistical Office",2013,"Installed capacity in MW",DE,Unknown,,33477,0,0,1,1,0
4040,"Differently categorized solar",EUROSTAT,"Statistical Office",2013,"Installed capacity in MW",DE,Unknown,,0,0,0,0,0,1
4041,Solar,EUROSTAT,"Statistical Office",2013,"Installed capacity in MW",DE,Unknown,,36711,0,0,1,1,0
4042,"Differently categorized wind",EUROSTAT,"Statistical Office",2013,"Installed capacity in MW",DE,Unknown,,33477,0,0,0,0,1
4043,"Bioenergy and renewable waste",EUROSTAT,"Statistical Office",2013,"Installed capacity in MW",DE,Unknown,,7034,0,0,1,0,0
4044,"Renewable energy sources",EUROSTAT,"Statistical Office",2013,"Installed capacity in MW",DE,Unknown,,88486,0,1,0,0,0
4045,"Differently categorized fossil fuels",EUROSTAT,"Statistical Office",2013,"Installed capacity in MW",DE,Unknown,,81521,0,0,1,1,1
4046,Total,EUROSTAT,"Statistical Office",2013,"Installed capacity in MW",DE,Unknown,,184888,1,0,0,0,0
4047,"Biomass and biogas",EUROSTAT,"Statistical Office",2014,"Installed capacity in MW",DE,Unknown,,5669,0,0,0,1,1
4048,"Concentrated solar power",EUROSTAT,"Statistical Office",2014,"Installed capacity in MW",DE,Unknown,,2,0,0,0,0,1
4049,"Fossil fuels",EUROSTAT,"Statistical Office",2014,"Installed capacity in MW",DE,Unknown,,89945,0,1,0,0,0
4050,Geothermal,EUROSTAT,"Statistical Office",2014,"Installed capacity in MW",DE,Unknown,,24,0,0,1,1,1
4051,Hydro,EUROSTAT,"Statistical Office",2014,"Installed capacity in MW",DE,Unknown,,11234,0,0,1,1,0
4052,Marine,EUROSTAT,"Statistical Office",2014,"Installed capacity in MW",DE,Unknown,,0,0,0,1,1,1
4053,"Non-renewable waste",EUROSTAT,"Statistical Office",2014,"Installed capacity in MW",DE,Unknown,,2841,0,0,1,1,1
4054,Nuclear,EUROSTAT,"Statistical Office",2014,"Installed capacity in MW",DE,Unknown,,12074,0,1,1,1,1
4055,"Other bioenergy and renewable waste",EUROSTAT,"Statistical Office",2014,"Installed capacity in MW",DE,Unknown,,1589,0,0,0,1,1
4056,Photovoltaics,EUROSTAT,"Statistical Office",2014,"Installed capacity in MW",DE,Unknown,,37898,0,0,0,0,1
4057,"Pumped storage",EUROSTAT,"Statistical Office",2014,"Installed capacity in MW",DE,Unknown,,5654,0,0,0,0,1
4058,Wind,EUROSTAT,"Statistical Office",2014,"Installed capacity in MW",DE,Unknown,,38614,0,0,1,1,0
4059,"Differently categorized solar",EUROSTAT,"Statistical Office",2014,"Installed capacity in MW",DE,Unknown,,0,0,0,0,0,1
4060,Solar,EUROSTAT,"Statistical Office",2014,"Installed capacity in MW",DE,Unknown,,37900,0,0,1,1,0
4061,"Differently categorized wind",EUROSTAT,"Statistical Office",2014,"Installed capacity in MW",DE,Unknown,,38614,0,0,0,0,1
4062,"Bioenergy and renewable waste",EUROSTAT,"Statistical Office",2014,"Installed capacity in MW",DE,Unknown,,7258,0,0,1,0,0
4063,"Renewable energy sources",EUROSTAT,"Statistical Office",2014,"Installed capacity in MW",DE,Unknown,,95030,0,1,0,0,0
4064,"Differently categorized fossil fuels",EUROSTAT,"Statistical Office",2014,"Installed capacity in MW",DE,Unknown,,87104,0,0,1,1,1
4065,Total,EUROSTAT,"Statistical Office",2014,"Installed capacity in MW",DE,Unknown,,197049,1,0,0,0,0
4066,"Biomass and biogas",EUROSTAT,"Statistical Office",2015,"Installed capacity in MW",DE,Unknown,,5875,0,0,0,1,1
4067,"Concentrated solar power",EUROSTAT,"Statistical Office",2015,"Installed capacity in MW",DE,Unknown,,2,0,0,0,0,1
4068,"Fossil fuels",EUROSTAT,"Statistical Office",2015,"Installed capacity in MW",DE,Unknown,,89500,0,1,0,0,0
4069,Geothermal,EUROSTAT,"Statistical Office",2015,"Installed capacity in MW",DE,Unknown,,26,0,0,1,1,1
4070,Hydro,EUROSTAT,"Statistical Office",2015,"Installed capacity in MW",DE,Unknown,,11399,0,0,1,1,0
4071,Marine,EUROSTAT,"Statistical Office",2015,"Installed capacity in MW",DE,Unknown,,0,0,0,1,1,1
4072,"Non-renewable waste",EUROSTAT,"Statistical Office",2015,"Installed capacity in MW",DE,Unknown,,2877,0,0,1,1,1
4073,Nuclear,EUROSTAT,"Statistical Office",2015,"Installed capacity in MW",DE,Unknown,,10799,0,1,1,1,1
4074,"Other bioenergy and renewable waste",EUROSTAT,"Statistical Office",2015,"Installed capacity in MW",DE,Unknown,,1592,0,0,0,1,1
4075,Photovoltaics,EUROSTAT,"Statistical Office",2015,"Installed capacity in MW",DE,Unknown,,39243,0,0,0,0,1
4076,"Pumped storage",EUROSTAT,"Statistical Office",2015,"Installed capacity in MW",DE,Unknown,,5666,0,0,0,0,1
4077,Wind,EUROSTAT,"Statistical Office",2015,"Installed capacity in MW",DE,Unknown,,44580,0,0,1,1,0
4078,"Differently categorized solar",EUROSTAT,"Statistical Office",2015,"Installed capacity in MW",DE,Unknown,,0,0,0,0,0,1
4079,Solar,EUROSTAT,"Statistical Office",2015,"Installed capacity in MW",DE,Unknown,,39245,0,0,1,1,0
4080,"Differently categorized wind",EUROSTAT,"Statistical Office",2015,"Installed capacity in MW",DE,Unknown,,44580,0,0,0,0,1
4081,"Bioenergy and renewable waste",EUROSTAT,"Statistical Office",2015,"Installed capacity in MW",DE,Unknown,,7467,0,0,1,0,0
4082,"Renewable energy sources",EUROSTAT,"Statistical Office",2015,"Installed capacity in MW",DE,Unknown,,102717,0,1,0,0,0
4083,"Differently categorized fossil fuels",EUROSTAT,"Statistical Office",2015,"Installed capacity in MW",DE,Unknown,,86623,0,0,1,1,1
4084,Total,EUROSTAT,"Statistical Office",2015,"Installed capacity in MW",DE,Unknown,,203016,1,0,0,0,0
4085,"Biomass and biogas",EUROSTAT,"Statistical Office",2016,"Installed capacity in MW",DE,Unknown,,6070,0,0,0,1,1
4086,"Concentrated solar power",EUROSTAT,"Statistical Office",2016,"Installed capacity in MW",DE,Unknown,,2,0,0,0,0,1
4087,"Fossil fuels",EUROSTAT,"Statistical Office",2016,"Installed capacity in MW",DE,Unknown,,88046,0,1,0,0,0
4088,Geothermal,EUROSTAT,"Statistical Office",2016,"Installed capacity in MW",DE,Unknown,,29,0,0,1,1,1
4089,Hydro,EUROSTAT,"Statistical Office",2016,"Installed capacity in MW",DE,Unknown,,11300,0,0,1,1,0
4090,Marine,EUROSTAT,"Statistical Office",2016,"Installed capacity in MW",DE,Unknown,,0,0,0,1,1,1
4091,"Non-renewable waste",EUROSTAT,"Statistical Office",2016,"Installed capacity in MW",DE,Unknown,,2910,0,0,1,1,1
4092,Nuclear,EUROSTAT,"Statistical Office",2016,"Installed capacity in MW",DE,Unknown,,10799,0,1,1,1,1
4093,"Other bioenergy and renewable waste",EUROSTAT,"Statistical Office",2016,"Installed capacity in MW",DE,Unknown,,1600,0,0,0,1,1
4094,Photovoltaics,EUROSTAT,"Statistical Office",2016,"Installed capacity in MW",DE,Unknown,,40714,0,0,0,0,1
4095,"Pumped storage",EUROSTAT,"Statistical Office",2016,"Installed capacity in MW",DE,Unknown,,5540,0,0,0,0,1
4096,Wind,EUROSTAT,"Statistical Office",2016,"Installed capacity in MW",DE,Unknown,,49592,0,0,1,1,0
4097,"Differently categorized solar",EUROSTAT,"Statistical Office",2016,"Installed capacity in MW",DE,Unknown,,0,0,0,0,0,1
4098,Solar,EUROSTAT,"Statistical Office",2016,"Installed capacity in MW",DE,Unknown,,40716,0,0,1,1,0
4099,"Differently categorized wind",EUROSTAT,"Statistical Office",2016,"Installed capacity in MW",DE,Unknown,,49592,0,0,0,0,1
4100,"Bioenergy and renewable waste",EUROSTAT,"Statistical Office",2016,"Installed capacity in MW",DE,Unknown,,7670,0,0,1,0,0
4101,"Renewable energy sources",EUROSTAT,"Statistical Office",2016,"Installed capacity in MW",DE,Unknown,,109307,0,1,0,0,0
4102,"Differently categorized fossil fuels",EUROSTAT,"Statistical Office",2016,"Installed capacity in MW",DE,Unknown,,85136,0,0,1,1,1
4103,Total,EUROSTAT,"Statistical Office",2016,"Installed capacity in MW",DE,Unknown,,208152,1,0,0,0,0
888,"Biomass and biogas","ENTSO-E SOAF","Other association",2011,"Installed capacity in MW",DE,"Net capacity",,4100,0,0,0,1,1
889,"Fossil fuels","ENTSO-E SOAF","Other association",2011,"Installed capacity in MW",DE,"Net capacity",,76100,0,1,0,0,0
890,"Hard coal","ENTSO-E SOAF","Other association",2011,"Installed capacity in MW",DE,"Net capacity",,29500,0,0,1,1,1
891,Hydro,"ENTSO-E SOAF","Other association",2011,"Installed capacity in MW",DE,"Net capacity",,9700,0,0,1,1,0
892,Lignite,"ENTSO-E SOAF","Other association",2011,"Installed capacity in MW",DE,"Net capacity",,21200,0,0,1,1,1
893,"Mixed fossil fuels","ENTSO-E SOAF","Other association",2011,"Installed capacity in MW",DE,"Net capacity",,0,0,0,1,1,1
894,"Natural gas","ENTSO-E SOAF","Other association",2011,"Installed capacity in MW",DE,"Net capacity",,22100,0,0,1,1,0
895,Nuclear,"ENTSO-E SOAF","Other association",2011,"Installed capacity in MW",DE,"Net capacity",,20300,0,1,1,1,1
896,Offshore,"ENTSO-E SOAF","Other association",2011,"Installed capacity in MW",DE,"Net capacity",,200,0,0,0,0,1
897,Oil,"ENTSO-E SOAF","Other association",2011,"Installed capacity in MW",DE,"Net capacity",,3300,0,0,1,1,1
898,Onshore,"ENTSO-E SOAF","Other association",2011,"Installed capacity in MW",DE,"Net capacity",,28800,0,0,0,0,1
899,"Other or unspecified energy sources","ENTSO-E SOAF","Other association",2011,"Installed capacity in MW",DE,"Net capacity",,3000,0,1,1,1,1
900,"Reservoir including pumped storage","ENTSO-E SOAF","Other association",2011,"Installed capacity in MW",DE,"Net capacity",,6700,0,0,0,0,1
901,Run-of-river,"ENTSO-E SOAF","Other association",2011,"Installed capacity in MW",DE,"Net capacity",,3000,0,0,0,0,1
902,Solar,"ENTSO-E SOAF","Other association",2011,"Installed capacity in MW",DE,"Net capacity",,18100,0,0,1,1,0
903,Wind,"ENTSO-E SOAF","Other association",2011,"Installed capacity in MW",DE,"Net capacity",,28900,0,0,1,1,0
904,"Differently categorized solar","ENTSO-E SOAF","Other association",2011,"Installed capacity in MW",DE,"Net capacity",,18100,0,0,0,0,1
905,"Differently categorized wind","ENTSO-E SOAF","Other association",2011,"Installed capacity in MW",DE,"Net capacity",,0,0,0,0,0,1
906,"Differently categorized hydro","ENTSO-E SOAF","Other association",2011,"Installed capacity in MW",DE,"Net capacity",,0,0,0,0,0,1
907,"Bioenergy and renewable waste","ENTSO-E SOAF","Other association",2011,"Installed capacity in MW",DE,"Net capacity",,4100,0,0,1,0,0
908,"Differently categorized renewable energy sources","ENTSO-E SOAF","Other association",2011,"Installed capacity in MW",DE,"Net capacity",,0,0,0,1,1,1
909,"Differently categorized fossil fuels","ENTSO-E SOAF","Other association",2011,"Installed capacity in MW",DE,"Net capacity",,0,0,0,1,1,1
910,"Renewable energy sources","ENTSO-E SOAF","Other association",2011,"Installed capacity in MW",DE,"Net capacity",,60800,0,1,0,0,0
911,Total,"ENTSO-E SOAF","Other association",2011,"Installed capacity in MW",DE,"Net capacity",,160200,1,0,0,0,0
912,"Biomass and biogas","ENTSO-E SOAF","Other association",2012,"Installed capacity in MW",DE,"Net capacity",,5000,0,0,0,1,1
913,"Fossil fuels","ENTSO-E SOAF","Other association",2012,"Installed capacity in MW",DE,"Net capacity",,80900,0,1,0,0,0
914,"Hard coal","ENTSO-E SOAF","Other association",2012,"Installed capacity in MW",DE,"Net capacity",,29700,0,0,1,1,1
915,Hydro,"ENTSO-E SOAF","Other association",2012,"Installed capacity in MW",DE,"Net capacity",,10900,0,0,1,1,0
916,Lignite,"ENTSO-E SOAF","Other association",2012,"Installed capacity in MW",DE,"Net capacity",,22100,0,0,1,1,1
917,"Mixed fossil fuels","ENTSO-E SOAF","Other association",2012,"Installed capacity in MW",DE,"Net capacity",,0,0,0,1,1,1
918,"Natural gas","ENTSO-E SOAF","Other association",2012,"Installed capacity in MW",DE,"Net capacity",,26000,0,0,1,1,0
919,Nuclear,"ENTSO-E SOAF","Other association",2012,"Installed capacity in MW",DE,"Net capacity",,12000,0,1,1,1,1
920,Offshore,"ENTSO-E SOAF","Other association",2012,"Installed capacity in MW",DE,"Net capacity",,200,0,0,0,0,1
921,Oil,"ENTSO-E SOAF","Other association",2012,"Installed capacity in MW",DE,"Net capacity",,3100,0,0,1,1,1
922,Onshore,"ENTSO-E SOAF","Other association",2012,"Installed capacity in MW",DE,"Net capacity",,28600,0,0,0,0,1
923,"Other or unspecified energy sources","ENTSO-E SOAF","Other association",2012,"Installed capacity in MW",DE,"Net capacity",,4100,0,1,1,1,1
924,"Reservoir including pumped storage","ENTSO-E SOAF","Other association",2012,"Installed capacity in MW",DE,"Net capacity",,6400,0,0,0,0,1
925,Run-of-river,"ENTSO-E SOAF","Other association",2012,"Installed capacity in MW",DE,"Net capacity",,4500,0,0,0,0,1
926,Solar,"ENTSO-E SOAF","Other association",2012,"Installed capacity in MW",DE,"Net capacity",,24100,0,0,1,1,0
927,Wind,"ENTSO-E SOAF","Other association",2012,"Installed capacity in MW",DE,"Net capacity",,28800,0,0,1,1,0
928,"Differently categorized solar","ENTSO-E SOAF","Other association",2012,"Installed capacity in MW",DE,"Net capacity",,24100,0,0,0,0,1
929,"Differently categorized wind","ENTSO-E SOAF","Other association",2012,"Installed capacity in MW",DE,"Net capacity",,0,0,0,0,0,1
930,"Differently categorized hydro","ENTSO-E SOAF","Other association",2012,"Installed capacity in MW",DE,"Net capacity",,0,0,0,0,0,1
931,"Bioenergy and renewable waste","ENTSO-E SOAF","Other association",2012,"Installed capacity in MW",DE,"Net capacity",,5000,0,0,1,0,0
932,"Differently categorized renewable energy sources","ENTSO-E SOAF","Other association",2012,"Installed capacity in MW",DE,"Net capacity",,0,0,0,1,1,1
933,"Differently categorized fossil fuels","ENTSO-E SOAF","Other association",2012,"Installed capacity in MW",DE,"Net capacity",,0,0,0,1,1,1
934,"Renewable energy sources","ENTSO-E SOAF","Other association",2012,"Installed capacity in MW",DE,"Net capacity",,68800,0,1,0,0,0
935,Total,"ENTSO-E SOAF","Other association",2012,"Installed capacity in MW",DE,"Net capacity",,165800,1,0,0,0,0
936,"Biomass and biogas","ENTSO-E SOAF","Other association",2013,"Installed capacity in MW",DE,"Net capacity",,5700,0,0,0,1,1
937,"Fossil fuels","ENTSO-E SOAF","Other association",2013,"Installed capacity in MW",DE,"Net capacity",,84220,0,1,0,0,0
938,"Hard coal","ENTSO-E SOAF","Other association",2013,"Installed capacity in MW",DE,"Net capacity",,31080,0,0,1,1,1
939,Hydro,"ENTSO-E SOAF","Other association",2013,"Installed capacity in MW",DE,"Net capacity",,11150,0,0,1,1,0
940,Lignite,"ENTSO-E SOAF","Other association",2013,"Installed capacity in MW",DE,"Net capacity",,21280,0,0,1,1,1
941,"Mixed fossil fuels","ENTSO-E SOAF","Other association",2013,"Installed capacity in MW",DE,"Net capacity",,0,0,0,1,1,1
942,"Natural gas","ENTSO-E SOAF","Other association",2013,"Installed capacity in MW",DE,"Net capacity",,28020,0,0,1,1,0
943,Nuclear,"ENTSO-E SOAF","Other association",2013,"Installed capacity in MW",DE,"Net capacity",,12050,0,1,1,1,1
944,Offshore,"ENTSO-E SOAF","Other association",2013,"Installed capacity in MW",DE,"Net capacity",,400,0,0,0,0,1
945,Oil,"ENTSO-E SOAF","Other association",2013,"Installed capacity in MW",DE,"Net capacity",,3840,0,0,1,1,1
946,Onshore,"ENTSO-E SOAF","Other association",2013,"Installed capacity in MW",DE,"Net capacity",,31200,0,0,0,0,1
947,"Other or unspecified energy sources","ENTSO-E SOAF","Other association",2013,"Installed capacity in MW",DE,"Net capacity",,4440,0,1,1,1,1
948,Solar,"ENTSO-E SOAF","Other association",2013,"Installed capacity in MW",DE,"Net capacity",,33000,0,0,1,1,0
949,Wind,"ENTSO-E SOAF","Other association",2013,"Installed capacity in MW",DE,"Net capacity",,31600,0,0,1,1,0
950,"Differently categorized solar","ENTSO-E SOAF","Other association",2013,"Installed capacity in MW",DE,"Net capacity",,33000,0,0,0,0,1
951,"Differently categorized wind","ENTSO-E SOAF","Other association",2013,"Installed capacity in MW",DE,"Net capacity",,0,0,0,0,0,1
952,"Bioenergy and renewable waste","ENTSO-E SOAF","Other association",2013,"Installed capacity in MW",DE,"Net capacity",,5700,0,0,1,0,0
953,"Differently categorized renewable energy sources","ENTSO-E SOAF","Other association",2013,"Installed capacity in MW",DE,"Net capacity",,0,0,0,1,1,1
954,"Differently categorized fossil fuels","ENTSO-E SOAF","Other association",2013,"Installed capacity in MW",DE,"Net capacity",,0,0,0,1,1,1
955,"Renewable energy sources","ENTSO-E SOAF","Other association",2013,"Installed capacity in MW",DE,"Net capacity",,81450,0,1,0,0,0
956,Total,"ENTSO-E SOAF","Other association",2013,"Installed capacity in MW",DE,"Net capacity",,182160,1,0,0,0,0
957,"Biomass and biogas","ENTSO-E SOAF","Other association",2014,"Installed capacity in MW",DE,"Net capacity",,5880,0,0,0,1,1
958,"Fossil fuels","ENTSO-E SOAF","Other association",2014,"Installed capacity in MW",DE,"Net capacity",,83150,0,1,0,0,0
959,"Hard coal","ENTSO-E SOAF","Other association",2014,"Installed capacity in MW",DE,"Net capacity",,30000,0,0,1,1,1
960,Hydro,"ENTSO-E SOAF","Other association",2014,"Installed capacity in MW",DE,"Net capacity",,10750,0,0,1,1,0
961,Lignite,"ENTSO-E SOAF","Other association",2014,"Installed capacity in MW",DE,"Net capacity",,21240,0,0,1,1,1
962,"Mixed fossil fuels","ENTSO-E SOAF","Other association",2014,"Installed capacity in MW",DE,"Net capacity",,0,0,0,1,1,1
963,"Natural gas","ENTSO-E SOAF","Other association",2014,"Installed capacity in MW",DE,"Net capacity",,28460,0,0,1,1,0
964,Nuclear,"ENTSO-E SOAF","Other association",2014,"Installed capacity in MW",DE,"Net capacity",,12070,0,1,1,1,1
965,Offshore,"ENTSO-E SOAF","Other association",2014,"Installed capacity in MW",DE,"Net capacity",,880,0,0,0,0,1
966,Oil,"ENTSO-E SOAF","Other association",2014,"Installed capacity in MW",DE,"Net capacity",,3450,0,0,1,1,1
967,Onshore,"ENTSO-E SOAF","Other association",2014,"Installed capacity in MW",DE,"Net capacity",,33840,0,0,0,0,1
968,"Other or unspecified energy sources","ENTSO-E SOAF","Other association",2014,"Installed capacity in MW",DE,"Net capacity",,5280,0,1,1,1,1
969,Solar,"ENTSO-E SOAF","Other association",2014,"Installed capacity in MW",DE,"Net capacity",,36330,0,0,1,1,0
970,Wind,"ENTSO-E SOAF","Other association",2014,"Installed capacity in MW",DE,"Net capacity",,34720,0,0,1,1,0
971,"Differently categorized solar","ENTSO-E SOAF","Other association",2014,"Installed capacity in MW",DE,"Net capacity",,36330,0,0,0,0,1
972,"Differently categorized wind","ENTSO-E SOAF","Other association",2014,"Installed capacity in MW",DE,"Net capacity",,0,0,0,0,0,1
973,"Bioenergy and renewable waste","ENTSO-E SOAF","Other association",2014,"Installed capacity in MW",DE,"Net capacity",,5880,0,0,1,0,0
974,"Differently categorized renewable energy sources","ENTSO-E SOAF","Other association",2014,"Installed capacity in MW",DE,"Net capacity",,0,0,0,1,1,1
975,"Differently categorized fossil fuels","ENTSO-E SOAF","Other association",2014,"Installed capacity in MW",DE,"Net capacity",,0,0,0,1,1,1
976,"Renewable energy sources","ENTSO-E SOAF","Other association",2014,"Installed capacity in MW",DE,"Net capacity",,87680,0,1,0,0,0
977,Total,"ENTSO-E SOAF","Other association",2014,"Installed capacity in MW",DE,"Net capacity",,188180,1,0,0,0,0
978,"Biomass and biogas","ENTSO-E SOAF","Other association",2015,"Installed capacity in MW",DE,"Net capacity",,6532,0,0,0,1,1
979,"Fossil fuels","ENTSO-E SOAF","Other association",2015,"Installed capacity in MW",DE,"Net capacity",,78400,0,1,0,0,0
980,"Hard coal","ENTSO-E SOAF","Other association",2015,"Installed capacity in MW",DE,"Net capacity",,27000,0,0,1,1,1
981,Hydro,"ENTSO-E SOAF","Other association",2015,"Installed capacity in MW",DE,"Net capacity",,10230,0,0,1,1,0
982,Lignite,"ENTSO-E SOAF","Other association",2015,"Installed capacity in MW",DE,"Net capacity",,20800,0,0,1,1,1
983,"Mixed fossil fuels","ENTSO-E SOAF","Other association",2015,"Installed capacity in MW",DE,"Net capacity",,0,0,0,1,1,1
984,"Natural gas","ENTSO-E SOAF","Other association",2015,"Installed capacity in MW",DE,"Net capacity",,26700,0,0,1,1,0
985,Nuclear,"ENTSO-E SOAF","Other association",2015,"Installed capacity in MW",DE,"Net capacity",,10800,0,1,1,1,1
986,Offshore,"ENTSO-E SOAF","Other association",2015,"Installed capacity in MW",DE,"Net capacity",,4159,0,0,0,0,1
987,Oil,"ENTSO-E SOAF","Other association",2015,"Installed capacity in MW",DE,"Net capacity",,3900,0,0,1,1,1
988,Onshore,"ENTSO-E SOAF","Other association",2015,"Installed capacity in MW",DE,"Net capacity",,40299.5833333,0,0,0,0,1
989,"Other or unspecified energy sources","ENTSO-E SOAF","Other association",2015,"Installed capacity in MW",DE,"Net capacity",,4700,0,1,1,1,1
990,Solar,"ENTSO-E SOAF","Other association",2015,"Installed capacity in MW",DE,"Net capacity",,39321.8333333,0,0,1,1,0
991,Wind,"ENTSO-E SOAF","Other association",2015,"Installed capacity in MW",DE,"Net capacity",,44458.5833333,0,0,1,1,0
992,"Differently categorized solar","ENTSO-E SOAF","Other association",2015,"Installed capacity in MW",DE,"Net capacity",,39321.8333333,0,0,0,0,1
993,"Differently categorized wind","ENTSO-E SOAF","Other association",2015,"Installed capacity in MW",DE,"Net capacity",,0,0,0,0,0,1
994,"Bioenergy and renewable waste","ENTSO-E SOAF","Other association",2015,"Installed capacity in MW",DE,"Net capacity",,6532,0,0,1,0,0
995,"Differently categorized renewable energy sources","ENTSO-E SOAF","Other association",2015,"Installed capacity in MW",DE,"Net capacity",,590,0,0,1,1,1
996,"Differently categorized fossil fuels","ENTSO-E SOAF","Other association",2015,"Installed capacity in MW",DE,"Net capacity",,0,0,0,1,1,1
997,"Renewable energy sources","ENTSO-E SOAF","Other association",2015,"Installed capacity in MW",DE,"Net capacity",,101132.416667,0,1,0,0,0
998,Total,"ENTSO-E SOAF","Other association",2015,"Installed capacity in MW",DE,"Net capacity",,195032.416667,1,0,0,0,0
41,Hydro,"ENTSO-E Data Portal","Other association",2013,"Installed capacity in MW",DE,"Net capacity",,10780,0,0,1,1,0
42,Hydro,"ENTSO-E Data Portal","Other association",2014,"Installed capacity in MW",DE,"Net capacity",,10708,0,0,1,1,0
43,Hydro,"ENTSO-E Data Portal","Other association",2010,"Installed capacity in MW",DE,"Net capacity",,10700,0,0,1,1,0
44,Hydro,"ENTSO-E Data Portal","Other association",2012,"Installed capacity in MW",DE,"Net capacity",,10800,0,0,1,1,0
45,Hydro,"ENTSO-E Data Portal","Other association",2011,"Installed capacity in MW",DE,"Net capacity",,9209,0,0,1,1,0
46,Hydro,"ENTSO-E Data Portal","Other association",2015,"Installed capacity in MW",DE,"Net capacity",,9610,0,0,1,1,0
249,Reservoir,"ENTSO-E Data Portal","Other association",2013,"Installed capacity in MW",DE,"Net capacity",,0,0,0,0,0,1
250,Reservoir,"ENTSO-E Data Portal","Other association",2014,"Installed capacity in MW",DE,"Net capacity",,0,0,0,0,0,1
251,Reservoir,"ENTSO-E Data Portal","Other association",2010,"Installed capacity in MW",DE,"Net capacity",,0,0,0,0,0,1
252,Reservoir,"ENTSO-E Data Portal","Other association",2012,"Installed capacity in MW",DE,"Net capacity",,0,0,0,0,0,1
253,Reservoir,"ENTSO-E Data Portal","Other association",2011,"Installed capacity in MW",DE,"Net capacity",,584,0,0,0,0,1
254,Reservoir,"ENTSO-E Data Portal","Other association",2015,"Installed capacity in MW",DE,"Net capacity",,0,0,0,0,0,1
457,Run-of-river,"ENTSO-E Data Portal","Other association",2013,"Installed capacity in MW",DE,"Net capacity",,0,0,0,0,0,1
458,Run-of-river,"ENTSO-E Data Portal","Other association",2014,"Installed capacity in MW",DE,"Net capacity",,0,0,0,0,0,1
459,Run-of-river,"ENTSO-E Data Portal","Other association",2010,"Installed capacity in MW",DE,"Net capacity",,0,0,0,0,0,1
460,Run-of-river,"ENTSO-E Data Portal","Other association",2012,"Installed capacity in MW",DE,"Net capacity",,0,0,0,0,0,1
461,Run-of-river,"ENTSO-E Data Portal","Other association",2011,"Installed capacity in MW",DE,"Net capacity",,1910,0,0,0,0,1
462,Run-of-river,"ENTSO-E Data Portal","Other association",2015,"Installed capacity in MW",DE,"Net capacity",,0,0,0,0,0,1
665,"Pumped storage","ENTSO-E Data Portal","Other association",2013,"Installed capacity in MW",DE,"Net capacity",,0,0,0,0,0,1
666,"Pumped storage","ENTSO-E Data Portal","Other association",2014,"Installed capacity in MW",DE,"Net capacity",,0,0,0,0,0,1
667,"Pumped storage","ENTSO-E Data Portal","Other association",2010,"Installed capacity in MW",DE,"Net capacity",,0,0,0,0,0,1
668,"Pumped storage","ENTSO-E Data Portal","Other association",2012,"Installed capacity in MW",DE,"Net capacity",,0,0,0,0,0,1
669,"Pumped storage","ENTSO-E Data Portal","Other association",2011,"Installed capacity in MW",DE,"Net capacity",,6716,0,0,0,0,1
670,"Pumped storage","ENTSO-E Data Portal","Other association",2015,"Installed capacity in MW",DE,"Net capacity",,0,0,0,0,0,1
873,Nuclear,"ENTSO-E Data Portal","Other association",2013,"Installed capacity in MW",DE,"Net capacity",,12068,0,1,1,1,1
874,Nuclear,"ENTSO-E Data Portal","Other association",2014,"Installed capacity in MW",DE,"Net capacity",,12068,0,1,1,1,1
875,Nuclear,"ENTSO-E Data Portal","Other association",2010,"Installed capacity in MW",DE,"Net capacity",,20300,0,1,1,1,1
876,Nuclear,"ENTSO-E Data Portal","Other association",2012,"Installed capacity in MW",DE,"Net capacity",,12068,0,1,1,1,1
877,Nuclear,"ENTSO-E Data Portal","Other association",2011,"Installed capacity in MW",DE,"Net capacity",,12048,0,1,1,1,1
878,Nuclear,"ENTSO-E Data Portal","Other association",2015,"Installed capacity in MW",DE,"Net capacity",,10793,0,1,1,1,1
1081,Wind,"ENTSO-E Data Portal","Other association",2013,"Installed capacity in MW",DE,"Net capacity",,34040,0,0,1,1,0
1082,Wind,"ENTSO-E Data Portal","Other association",2014,"Installed capacity in MW",DE,"Net capacity",,36561,0,0,1,1,0
1083,Wind,"ENTSO-E Data Portal","Other association",2010,"Installed capacity in MW",DE,"Net capacity",,26600,0,0,1,1,0
1084,Wind,"ENTSO-E Data Portal","Other association",2012,"Installed capacity in MW",DE,"Net capacity",,31300,0,0,1,1,0
1085,Wind,"ENTSO-E Data Portal","Other association",2011,"Installed capacity in MW",DE,"Net capacity",,28254,0,0,1,1,0
1086,Wind,"ENTSO-E Data Portal","Other association",2015,"Installed capacity in MW",DE,"Net capacity",,43429,0,0,1,1,0
1289,Solar,"ENTSO-E Data Portal","Other association",2013,"Installed capacity in MW",DE,"Net capacity",,36913,0,0,1,1,0
1290,Solar,"ENTSO-E Data Portal","Other association",2014,"Installed capacity in MW",DE,"Net capacity",,37981,0,0,1,1,0
1291,Solar,"ENTSO-E Data Portal","Other association",2010,"Installed capacity in MW",DE,"Net capacity",,16600,0,0,1,1,0
1292,Solar,"ENTSO-E Data Portal","Other association",2012,"Installed capacity in MW",DE,"Net capacity",,33100,0,0,1,1,0
1293,Solar,"ENTSO-E Data Portal","Other association",2011,"Installed capacity in MW",DE,"Net capacity",,22306,0,0,1,1,0
1294,Solar,"ENTSO-E Data Portal","Other association",2015,"Installed capacity in MW",DE,"Net capacity",,38411,0,0,1,1,0
1497,"Biomass and biogas","ENTSO-E Data Portal","Other association",2013,"Installed capacity in MW",DE,"Net capacity",,5856,0,0,0,1,1
1498,"Biomass and biogas","ENTSO-E Data Portal","Other association",2014,"Installed capacity in MW",DE,"Net capacity",,6359,0,0,0,1,1
1499,"Biomass and biogas","ENTSO-E Data Portal","Other association",2010,"Installed capacity in MW",DE,"Net capacity",,0,0,0,0,1,1
1500,"Biomass and biogas","ENTSO-E Data Portal","Other association",2012,"Installed capacity in MW",DE,"Net capacity",,5700,0,0,0,1,1
1501,"Biomass and biogas","ENTSO-E Data Portal","Other association",2011,"Installed capacity in MW",DE,"Net capacity",,0,0,0,0,1,1
1502,"Biomass and biogas","ENTSO-E Data Portal","Other association",2015,"Installed capacity in MW",DE,"Net capacity",,6915,0,0,0,1,1
1705,"Fossil fuels","ENTSO-E Data Portal","Other association",2013,"Installed capacity in MW",DE,"Net capacity",,82891,0,1,0,0,0
1706,"Fossil fuels","ENTSO-E Data Portal","Other association",2014,"Installed capacity in MW",DE,"Net capacity",,85800,0,1,0,0,0
1707,"Fossil fuels","ENTSO-E Data Portal","Other association",2010,"Installed capacity in MW",DE,"Net capacity",,69300,0,1,0,0,0
1708,"Fossil fuels","ENTSO-E Data Portal","Other association",2012,"Installed capacity in MW",DE,"Net capacity",,81945,0,1,0,0,0
1709,"Fossil fuels","ENTSO-E Data Portal","Other association",2011,"Installed capacity in MW",DE,"Net capacity",,66967,0,1,0,0,0
1710,"Fossil fuels","ENTSO-E Data Portal","Other association",2015,"Installed capacity in MW",DE,"Net capacity",,78746,0,1,0,0,0
1913,"Other or unspecified energy sources","ENTSO-E Data Portal","Other association",2013,"Installed capacity in MW",DE,"Net capacity",,0,0,1,1,1,1
1914,"Other or unspecified energy sources","ENTSO-E Data Portal","Other association",2014,"Installed capacity in MW",DE,"Net capacity",,0,0,1,1,1,1
1915,"Other or unspecified energy sources","ENTSO-E Data Portal","Other association",2010,"Installed capacity in MW",DE,"Net capacity",,4500,0,1,1,1,1
1916,"Other or unspecified energy sources","ENTSO-E Data Portal","Other association",2012,"Installed capacity in MW",DE,"Net capacity",,0,0,1,1,1,1
1917,"Other or unspecified energy sources","ENTSO-E Data Portal","Other association",2011,"Installed capacity in MW",DE,"Net capacity",,3263,0,1,1,1,1
1918,"Other or unspecified energy sources","ENTSO-E Data Portal","Other association",2015,"Installed capacity in MW",DE,"Net capacity",,0,0,1,1,1,1
2121,"Differently categorized solar","ENTSO-E Data Portal","Other association",2013,"Installed capacity in MW",DE,"Net capacity",,36913,0,0,0,0,1
2122,"Differently categorized solar","ENTSO-E Data Portal","Other association",2014,"Installed capacity in MW",DE,"Net capacity",,37981,0,0,0,0,1
2123,"Differently categorized solar","ENTSO-E Data Portal","Other association",2010,"Installed capacity in MW",DE,"Net capacity",,16600,0,0,0,0,1
2124,"Differently categorized solar","ENTSO-E Data Portal","Other association",2012,"Installed capacity in MW",DE,"Net capacity",,33100,0,0,0,0,1
2125,"Differently categorized solar","ENTSO-E Data Portal","Other association",2011,"Installed capacity in MW",DE,"Net capacity",,22306,0,0,0,0,1
2126,"Differently categorized solar","ENTSO-E Data Portal","Other association",2015,"Installed capacity in MW",DE,"Net capacity",,38411,0,0,0,0,1
2329,"Differently categorized wind","ENTSO-E Data Portal","Other association",2013,"Installed capacity in MW",DE,"Net capacity",,34040,0,0,0,0,1
2330,"Differently categorized wind","ENTSO-E Data Portal","Other association",2014,"Installed capacity in MW",DE,"Net capacity",,36561,0,0,0,0,1
2331,"Differently categorized wind","ENTSO-E Data Portal","Other association",2010,"Installed capacity in MW",DE,"Net capacity",,26600,0,0,0,0,1
2332,"Differently categorized wind","ENTSO-E Data Portal","Other association",2012,"Installed capacity in MW",DE,"Net capacity",,31300,0,0,0,0,1
2333,"Differently categorized wind","ENTSO-E Data Portal","Other association",2011,"Installed capacity in MW",DE,"Net capacity",,28254,0,0,0,0,1
2334,"Differently categorized wind","ENTSO-E Data Portal","Other association",2015,"Installed capacity in MW",DE,"Net capacity",,43429,0,0,0,0,1
2537,"Bioenergy and renewable waste","ENTSO-E Data Portal","Other association",2013,"Installed capacity in MW",DE,"Net capacity",,5856,0,0,1,0,0
2538,"Bioenergy and renewable waste","ENTSO-E Data Portal","Other association",2014,"Installed capacity in MW",DE,"Net capacity",,6359,0,0,1,0,0
2539,"Bioenergy and renewable waste","ENTSO-E Data Portal","Other association",2010,"Installed capacity in MW",DE,"Net capacity",,0,0,0,1,0,0
2540,"Bioenergy and renewable waste","ENTSO-E Data Portal","Other association",2012,"Installed capacity in MW",DE,"Net capacity",,5700,0,0,1,0,0
2541,"Bioenergy and renewable waste","ENTSO-E Data Portal","Other association",2011,"Installed capacity in MW",DE,"Net capacity",,0,0,0,1,0,0
2542,"Bioenergy and renewable waste","ENTSO-E Data Portal","Other association",2015,"Installed capacity in MW",DE,"Net capacity",,6915,0,0,1,0,0
2745,"Differently categorized fossil fuels","ENTSO-E Data Portal","Other association",2013,"Installed capacity in MW",DE,"Net capacity",,82891,0,0,1,1,1
2746,"Differently categorized fossil fuels","ENTSO-E Data Portal","Other association",2014,"Installed capacity in MW",DE,"Net capacity",,85800,0,0,1,1,1
2747,"Differently categorized fossil fuels","ENTSO-E Data Portal","Other association",2010,"Installed capacity in MW",DE,"Net capacity",,69300,0,0,1,1,1
2748,"Differently categorized fossil fuels","ENTSO-E Data Portal","Other association",2012,"Installed capacity in MW",DE,"Net capacity",,81945,0,0,1,1,1
2749,"Differently categorized fossil fuels","ENTSO-E Data Portal","Other association",2011,"Installed capacity in MW",DE,"Net capacity",,66967,0,0,1,1,1
2750,"Differently categorized fossil fuels","ENTSO-E Data Portal","Other association",2015,"Installed capacity in MW",DE,"Net capacity",,78746,0,0,1,1,1
2953,"Differently categorized hydro","ENTSO-E Data Portal","Other association",2013,"Installed capacity in MW",DE,"Net capacity",,10780,0,0,0,0,1
2954,"Differently categorized hydro","ENTSO-E Data Portal","Other association",2014,"Installed capacity in MW",DE,"Net capacity",,10708,0,0,0,0,1
2955,"Differently categorized hydro","ENTSO-E Data Portal","Other association",2010,"Installed capacity in MW",DE,"Net capacity",,10700,0,0,0,0,1
2956,"Differently categorized hydro","ENTSO-E Data Portal","Other association",2012,"Installed capacity in MW",DE,"Net capacity",,10800,0,0,0,0,1
2957,"Differently categorized hydro","ENTSO-E Data Portal","Other association",2011,"Installed capacity in MW",DE,"Net capacity",,0,0,0,0,0,1
2958,"Differently categorized hydro","ENTSO-E Data Portal","Other association",2015,"Installed capacity in MW",DE,"Net capacity",,9610,0,0,0,0,1
3161,"Differently categorized renewable energy sources","ENTSO-E Data Portal","Other association",2013,"Installed capacity in MW",DE,"Net capacity",,551,0,0,1,1,1
3162,"Differently categorized renewable energy sources","ENTSO-E Data Portal","Other association",2014,"Installed capacity in MW",DE,"Net capacity",,586,0,0,1,1,1
3163,"Differently categorized renewable energy sources","ENTSO-E Data Portal","Other association",2010,"Installed capacity in MW",DE,"Net capacity",,4200,0,0,1,1,1
3164,"Differently categorized renewable energy sources","ENTSO-E Data Portal","Other association",2012,"Installed capacity in MW",DE,"Net capacity",,800,0,0,1,1,1
3165,"Differently categorized renewable energy sources","ENTSO-E Data Portal","Other association",2011,"Installed capacity in MW",DE,"Net capacity",,2972,0,0,1,1,1
3166,"Differently categorized renewable energy sources","ENTSO-E Data Portal","Other association",2015,"Installed capacity in MW",DE,"Net capacity",,559,0,0,1,1,1
3369,"Renewable energy sources","ENTSO-E Data Portal","Other association",2013,"Installed capacity in MW",DE,"Net capacity",,88140,0,1,0,0,0
3370,"Renewable energy sources","ENTSO-E Data Portal","Other association",2014,"Installed capacity in MW",DE,"Net capacity",,92195,0,1,0,0,0
3371,"Renewable energy sources","ENTSO-E Data Portal","Other association",2010,"Installed capacity in MW",DE,"Net capacity",,58100,0,1,0,0,0
3372,"Renewable energy sources","ENTSO-E Data Portal","Other association",2012,"Installed capacity in MW",DE,"Net capacity",,81700,0,1,0,0,0
3373,"Renewable energy sources","ENTSO-E Data Portal","Other association",2011,"Installed capacity in MW",DE,"Net capacity",,62741,0,1,0,0,0
3374,"Renewable energy sources","ENTSO-E Data Portal","Other association",2015,"Installed capacity in MW",DE,"Net capacity",,98924,0,1,0,0,0
3577,Total,"ENTSO-E Data Portal","Other association",2013,"Installed capacity in MW",DE,"Net capacity",,183099,1,0,0,0,0
3578,Total,"ENTSO-E Data Portal","Other association",2014,"Installed capacity in MW",DE,"Net capacity",,190063,1,0,0,0,0
3579,Total,"ENTSO-E Data Portal","Other association",2010,"Installed capacity in MW",DE,"Net capacity",,152200,1,0,0,0,0
3580,Total,"ENTSO-E Data Portal","Other association",2012,"Installed capacity in MW",DE,"Net capacity",,175713,1,0,0,0,0
3581,Total,"ENTSO-E Data Portal","Other association",2011,"Installed capacity in MW",DE,"Net capacity",,145019,1,0,0,0,0
3582,Total,"ENTSO-E Data Portal","Other association",2015,"Installed capacity in MW",DE,"Net capacity",,188463,1,0,0,0,0
